id,is_iceberg
5941774d,1
4023181e,1
b20200e4,1
e7f018bb,1
4371c8c3,1
a8d9b1fd,0
29e7727e,0
92a51ffb,1
c769ac97,0
aee0547d,0
565b28ac,0
e04e9775,1
8e8161d1,0
4cf4d256,1
139e5324,1
f156976f,0
68a117cc,0
d9aa7a56,1
9005b143,1
5f6d3988,1
9ad70954,0
b9087b9e,1
a39a1427,1
82fbe8ed,0
1fae4879,0
6dd8f13d,0
bbad5958,0
54527583,1
be8fa29c,0
81a3328f,1
1a3c0ab3,0
4deeeb8b,0
ac6d5632,1
472dadb5,1
96093f95,0
f5b4e3df,1
e01a3c92,0
001680af,0
8e639f33,1
a2c16612,0
a6d76474,0
19c47684,1
015827b6,1
7df7f7ce,0
0bbf1a3f,1
636cfbb7,0
7370030a,1
43aa97ad,0
ba2b5e63,1
dfdd335b,1
e79b13dc,0
dc32b195,1
6d868590,1
75fa59aa,0
ffe50836,0
a7bfd784,1
b3d569e3,0
6c538c5b,0
5c7c15f4,1
0b745139,1
fd14608e,1
f0bc8305,1
a10ccb28,1
543304c7,1
6c3a4078,0
9b73cc75,1
5c6c71b1,0
09ee9186,1
207c35cf,1
153c813e,1
5605d58b,1
642ca396,0
d32d72c0,1
16646a17,1
384074af,0
69bf1e8c,1
9e90a054,1
89dbe7f7,1
dbd27d22,1
a2ea1561,1
d63402af,1
1ac8bb92,1
8beffca5,1
46741f3e,0
e5ee6aa7,1
5ecd892b,1
69892166,0
2f725a81,0
810abfe4,0
e6f973e6,1
c60a5c46,0
c42b9e08,0
c3f00c23,1
5307fdb8,1
3e4f005e,0
4a4cc2e0,1
9bdd88d1,0
0d832bed,0
14a134fa,0
78a41676,0
0bd4658e,0
4a311bb0,1
f939c817,1
956adc4d,1
f8a119f5,1
61faa1ad,1
6725eb3e,1
17b3a8fd,0
49a88dfc,0
2d6ec645,1
0d4d77ba,1
3ee672a2,1
738b41fd,1
f7fb320d,1
b42fad18,0
4ab8b00a,1
f7870f2b,0
4978666a,1
f1b0d6c7,0
5642407f,0
36d4ff92,1
4139aba2,1
7585ce58,1
33e25984,1
ac46f3c9,1
fc34a5b8,1
85c36a8f,1
b2d8a426,0
13ec60d1,1
9d440f42,0
1c0a891e,1
981c3bc3,1
295604f4,1
16ca16c3,0
b4dda837,0
88d088ef,0
1b4fa160,1
f371bd82,1
b130a0b7,1
ebf1de82,1
01e651c3,1
51b1fecc,1
fa635a31,1
97b7d789,0
2f598053,0
c0e3e148,1
cfa175a8,0
3d7e09d8,1
44a13d1b,1
c66b0948,1
976a6d64,0
8bbd8909,1
522890fd,1
f23a3b95,0
680039dc,1
93028e53,0
22a16932,1
7d8126d2,0
ba2ecd75,0
8071bdd7,0
96d5aeee,0
154be68f,1
d8c2bfe2,1
f76d47b0,1
0e781ade,0
13cf6060,0
cd99f710,1
d10005bb,0
3a31445f,1
3157202d,0
6ee64703,0
e5de8685,0
02cc70ba,0
50984a87,1
fa94957a,1
eab406b4,1
3ad39398,1
9ecf3802,1
6048ae7b,0
9dc68871,0
13701465,0
8d8779f3,0
0712f269,1
722c2597,0
478a2b08,1
38f5fb41,1
c52ad74d,1
0c85fd09,0
f1582cba,1
ff836697,1
ddfe4802,0
3cef3bc7,1
6a21542b,0
150e23c4,1
078c6d99,1
1dcd1dc3,0
39967e45,1
6b6333aa,1
4ae61433,1
f96362e0,0
97a88aac,1
427ae8ce,0
209d4b15,0
64b453bd,0
0f5a484e,0
5ac74969,1
736ed43e,1
8533795f,0
f5b54fb6,1
6eb4c041,1
97afdf42,1
1bb488db,1
f132e44d,0
d3c2f140,1
1756794d,1
9efcc11f,0
14c966cf,1
59cfe4d1,1
883151f4,1
34c4c9ff,1
70b4c2eb,0
96a337d9,1
7fe89ffa,0
057c7a22,0
451cc057,1
05076700,0
dc52f6c1,0
b03a59f9,0
129ed4b0,1
fb611563,1
ac32e6f1,1
c05c5ab0,1
3163d5ed,0
02096ca4,1
e92496c0,0
1a9e2c50,1
0864e334,1
d976faeb,1
1d7b342f,0
281bc1ea,0
bea9f0cf,1
f4afa0e6,0
e1b5ef69,0
b50539fd,1
2a8c9c15,1
157ebb0c,1
247d3614,0
0c6cc0cb,1
aae88d39,1
0c77b464,0
963cf5ea,1
1b371d8b,1
225bc00f,0
bc0a4eec,0
1099782e,0
a18feadd,1
ad7f4932,0
5f8f831e,1
b5167c35,0
0230b06d,1
f8d7f7ba,0
08bd1053,0
58e4dc8c,0
4793ce8e,0
304caab4,0
f2ee6d7f,1
e1f9c0e4,1
8e40401c,1
5d9eaba2,1
55e7562c,0
9da6cb4b,0
c3c1c8ec,0
3b38698e,0
6c9eb909,0
482a3d1d,1
0e9918f0,1
ef894fd2,0
4b82e7f7,1
b9cdd7fb,0
94a496f4,1
995eacae,1
41b02e58,1
69f04617,1
c889a03c,1
91f98acf,1
9135c19f,1
1f0e9c09,0
260d6e8e,0
46334397,0
f34ddf31,0
4d6177d7,0
76a57270,1
217b8cea,1
9a45a566,1
1b55c75e,0
7bd92ec6,0
6c409f41,1
df3e48eb,0
62723e57,0
b8e627bf,0
86bb5d85,0
77e5034c,0
607079e5,1
96879fb4,0
6afe606d,1
4129802f,1
a42300ef,1
1af842f5,1
3fe57d78,1
f4e60ed5,1
68c8337b,1
914ed5b5,0
a6bb5987,1
c781c439,1
47a1a25e,0
80ea0713,1
a9d001bc,0
f94d098a,0
3e230e0e,0
24afa485,1
bc37db7f,1
83f99e4d,0
1a8d86f7,0
38136419,1
d393e637,1
36902570,1
327f7b25,1
3f8543c6,1
a0d42a70,1
e07ba430,1
c6e53803,1
fec4dad8,1
933fc5ba,1
c27eda4e,1
9b94d2c2,0
a2dbdb31,0
816258dd,0
81f11218,1
c4bd9d04,1
c6ce9bf9,0
a7b3cc29,0
527870bf,1
9af26068,1
0b591e70,1
2b1e57c5,0
194db786,1
e09ba644,1
fa2ed3e5,1
1ba92726,0
8c8f45b4,0
f8889f44,1
598e255b,0
45f1aa7a,0
022956a3,0
d406064d,1
76617947,0
d0e5dccb,1
33271da6,1
0840e2b1,0
521a9f4d,1
7286b1dc,1
5b6acc2d,1
e034cd34,0
46577660,0
bb4d6f24,1
bfc7a3f2,1
abc66be8,0
3627189f,1
e49a77f6,0
a209d7ee,1
dee69cf6,1
9a6261a0,1
a8e444c6,0
a6a66a28,1
db7022ff,0
0dfb45d9,1
81c983aa,0
a98fb5e1,1
99e004d7,1
d16e5fbb,0
3c352f9e,0
12202699,0
86af0236,1
f3703e6f,1
4a71dc34,1
321edcdc,1
e365a657,1
45755c9c,0
873b0829,1
72ccd009,1
205243d9,1
d9202f36,0
9d0c30b0,0
56644ace,0
c63f527f,1
bb84b9bd,1
6f68caf0,1
8492119b,0
71bde48d,1
d2d6e2ba,1
6f4b309c,1
b3cc5ba3,1
fee39547,1
4893137a,1
e283c4c4,0
25bac62b,0
8fd88dd6,0
b48c104e,0
221d500b,1
8f0de087,0
32342e03,0
a8da99d8,1
93203755,1
d3c88528,1
0d7a17b3,0
bd72f5ec,1
e953c0fd,1
e730b6c6,1
c086033a,0
a521d303,0
b023957a,1
3e0f04e8,1
60647cba,0
2f5c43a8,0
b54ba69b,1
eac962ff,1
7e2a3763,0
9362d863,0
8f1b833c,1
79727ff5,0
62614c75,1
75a03adf,1
cf138392,1
bf467a96,0
c8b34651,0
105a5c54,0
bf6de75c,0
060702c8,1
921bad2c,1
e0d17eb0,1
9a3825c9,1
8eda717f,0
78906e0c,1
c60100ad,1
90a72a52,1
d80e4ed4,1
339cd0d2,0
d99de899,1
357e20d1,1
a4d190da,0
bd226217,1
476e2771,1
4e483506,1
f70ea081,1
4645e56f,1
e6d05940,1
f8b3c6af,1
c89d6aad,1
0cb57f6e,1
86a4be46,1
75e62d7e,1
ebc36374,0
0ebcb731,0
24d000c5,1
f3c9a4f6,1
1bc59730,0
47ea0bff,1
cdeccfdd,0
15e09a1d,0
00652788,0
23649c84,1
91188a77,0
eaca8580,1
4ce9daeb,1
d4220673,0
b6a87aef,1
8333ebed,1
950a3453,1
7074f6c9,0
98a02caf,0
59c8d2b3,1
d99d13bd,1
de86f1cf,1
8f4b1985,1
a7779b04,1
2caeab11,1
16aeea7c,0
b9d19ab9,1
29c5d2fd,1
efcefa55,1
099161c3,0
12b49195,1
96a1ce13,1
67964b4f,1
b61c605c,0
bcfc0f16,0
bf0cb956,0
12f6aa7d,1
f36f3a0c,1
83490492,0
e3b62b60,0
20b27d66,1
25c3ce93,1
67a2ff0b,1
9b2d3c1a,1
8ad51f7d,0
14137b57,1
9ea5aa79,0
5ea1d2dd,0
979c867e,1
7ea1e1b6,1
d65520ba,1
765ad2e2,1
d2957326,1
24349e24,1
fd8a2ae3,0
b282d98e,1
3eaa7a61,0
16533dd4,1
4adb68d7,1
565005b9,0
51d86e0c,1
30635642,0
d9480a60,1
b2647128,0
20478c55,1
caa0d105,0
474f4534,0
d51e3867,1
e5d1bba7,0
e7000b2a,0
78f06b79,1
8a9f4bee,1
3d716bbe,1
6e1ddef1,0
9826f39a,0
3fdc82f7,1
31f013c3,0
97a9df6d,1
10e65294,0
0bdca1a5,0
374037fa,0
1d1a0cec,1
d415c5ad,0
ced1306d,0
f43497f3,0
ffd13a9e,1
6f67148e,1
be322b68,1
af209b44,0
69b53a4a,0
4c085180,0
608cea18,1
f8bebbfd,1
ae16855d,0
dfc700b3,0
e3bdd9ac,1
87a8ea20,0
3c3da9aa,0
76c882d6,0
9e429645,1
7dc9c990,0
f38d53ef,1
e1785b6e,1
80c673fb,1
a8b8c20b,1
6a1ff150,1
2f68d4fe,1
c462ec65,1
c374d5c4,1
d20769b3,1
c467fe4d,0
1356229e,0
b1532127,1
3777ee22,1
4ba6023f,1
08504ae6,0
5e0b4cc5,0
249a0c1f,1
24b3497f,1
9edcf494,0
53297290,0
6d3a269e,1
1b0d38fc,0
02747427,0
38867253,1
c392dbd0,1
8939734c,0
097ba3af,0
30f0f835,1
bdab1bcf,1
1070a984,1
c41b8a90,1
86a3b5cc,1
d0a3719e,1
b1a8067b,1
911bc6aa,1
67a2d0ac,1
11447262,1
12fd1375,0
f2898538,0
0e7355e2,0
bc2c87c8,1
94001156,0
d5855224,1
a3c1a552,1
edcf54fa,0
a28b90eb,1
63cd028f,0
dbc79657,0
bc856bf1,1
c7e25a70,1
9771b119,0
836db0d9,0
f5685d3e,1
bb04299d,1
163a9d23,1
5283c614,0
2276d5d8,0
ccb77e34,1
d4a75bf3,1
e15f46ea,1
992a45ba,0
056e7768,0
a1dc016b,1
38db82cd,0
3295f3ae,0
a6ff3660,1
5981b799,1
2636d79d,1
7a8521e2,0
9b53021d,0
0a37be18,1
a8676e55,1
3488b8fc,0
b86d4006,1
33888635,1
aa9ca5f9,1
08faf0f6,0
5320cd26,0
2c57fdaa,1
d467ce62,1
888a568e,1
88d6c838,1
8f138517,1
e1108dc0,0
9e9cd6c9,0
ab893af4,0
4d4b30ba,1
7ce15e26,1
dbc45500,0
6a0cde3f,1
2658014c,0
08d20604,0
03c83dc9,0
d741ccd1,0
992d48b6,0
b1ea3253,1
da379e69,1
73b429af,1
2aefe712,1
1e3634f9,1
069ee09e,0
a7970f81,0
23084d2e,0
ac57710a,1
02553267,1
0971c6c7,0
cdb7f1fe,1
d3af3f60,0
59daf44b,0
c2169934,1
da03b56e,1
474ea404,1
f686cdc4,0
f865b354,0
106df554,0
e5637171,1
cba8985c,0
cc09c9ce,1
0b85b33f,1
92f20625,1
6b1379dd,1
ed2b1df1,0
325124e4,0
7455c944,1
fd68ccc1,1
8df9100d,1
c406df9b,0
4978870c,0
383f95d6,0
aba96bbf,0
6bba66b4,1
b86fa0c9,0
a2abc369,1
0b40c014,0
d45add48,1
00193999,1
c2f1b710,1
53750c72,0
3137ef1d,0
bc6b8e2a,1
7cb546c6,1
d59a2349,1
04d04b9a,1
05ac1343,0
2917895f,0
342a1d01,1
78309e4b,1
5c1a5aba,0
fae57f79,0
23821d71,1
5780b19d,0
11c67865,1
8564f114,1
ec7d0fdd,1
9a0446b8,0
5f5da69d,0
7a11839b,0
763c9bbf,0
15a7b5c5,0
e9c7e251,0
2555c207,1
ec8d9784,0
08fd9d10,0
9504ae29,0
0b91a24d,1
e62e6cfe,1
5d1291bb,1
b3c1f2e7,1
c6a8db21,1
f2c137fd,1
b61e8155,0
45b9ee35,0
8fe9c49b,1
b98ceb09,0
70c4a435,0
d953d111,1
da7de86e,1
519f8611,1
75eefdc3,1
62412092,0
de8ec010,0
ee6121f8,0
412b66e0,0
7405c131,1
efff4306,1
5658d679,0
617f88fc,0
a120100b,0
0971369e,1
83f7fe7b,0
12437da1,0
8e7f96a5,0
a08237de,0
a013bd6f,0
c6fdd404,1
317e2af4,0
dd9878c0,1
42e76a51,1
022f77e3,1
cada3682,1
53074f1f,1
e6c19679,0
dfb69b8b,0
e1572941,1
8d549cd2,0
6913594d,0
6e528fd6,1
c8b037c7,0
c3b6c880,1
9684ac04,0
6d974acc,1
57b10462,1
b2373298,0
8e946e10,1
6acee7de,1
8ad7cc2f,0
8e6e087e,0
c3e46df5,0
f6983f34,0
8130a3aa,0
0f11be03,0
766073e1,1
e67f6889,1
148a0930,0
b333ff97,1
1c148a28,1
ee0b02d7,1
fa1c5f6d,1
9b12ae1f,0
3bb60b1b,0
096e7594,1
ac98996a,0
1b7b9b9d,1
61b2ac6f,1
2bd414a8,0
73d12826,1
29f7ec33,1
265f8aa8,1
0d6be675,1
a00ecdf6,1
c414328a,0
d47de87e,1
376f984f,1
12a35aa5,1
8ecfd739,0
2cbc30f4,0
aa4bdf31,1
69d18f51,1
50cd4394,0
bda732e1,0
8e77e385,0
49dfd51a,1
b0a3e728,1
518061ec,0
bb306c8c,1
1b2cf099,1
e7c405e4,0
1fc79c9d,1
3427cd60,1
8fc604cd,1
0981acfd,0
512e9c5c,1
ae9f2426,0
a8cd44c8,0
acac91c3,1
35988937,1
2a2dd539,0
3f971e0a,0
7e09131c,1
82726c59,1
ec4c3dbd,1
2a851255,0
2cebdab4,1
013b617b,1
21a8603a,1
fe2f2579,1
df069a3d,1
595f7f57,1
081bdb0a,0
6f8e7b3a,1
d1824fe1,0
3ddc6778,1
57e4244d,0
18e2e176,1
7394cdbc,0
19821b41,1
12e9563c,1
b96c9ed9,1
096d9c1b,0
97454a30,1
43b6c5d3,1
2c58bcc5,1
0c71dc02,0
f7cd79b0,1
922ec513,0
561b6b2c,0
32913f04,1
77aad507,0
d62d5a9c,0
be70bb3d,1
84920252,1
b9623d93,1
ba925eca,0
181ecadf,1
6fbcc9e2,1
57d5b182,1
d3013a36,1
21cafb54,0
d1a6cc74,0
c4017d47,0
22e05854,0
7eb53ec8,1
c77a806d,1
c114c951,1
71495521,1
98bb1260,1
546ec108,0
78f39102,0
26b6379a,1
8cb14c23,1
75892ee1,1
3d31d65f,0
30784a7a,1
efba2a23,1
9fcb2c5a,0
9910ee7e,0
dc97b587,0
7732ca72,0
c4bac1f1,1
a80ddf30,0
fe79c536,0
84e34259,1
7db3b563,0
5e946e6e,1
76881bf4,1
7c606237,0
7aa06d7d,1
0d035cbc,1
0838e69f,0
f6715e39,1
499004bb,1
4cefc9ec,0
ded95f0a,1
073112c9,0
96cb4df4,0
0962de0b,1
cea18b7b,1
75463cb0,0
4a59c201,0
29d46646,0
e6134ca4,0
445ae936,1
420d8dda,1
bae1b5b1,0
9f49327e,1
18b52f62,1
b02bb341,0
e5be8689,0
b5b85b95,0
b94f72e3,0
a79114fd,0
502ffafa,1
b8e274d7,1
e37f8f63,0
c8a5c9d9,1
d574bf84,1
88bc1b71,1
3261e3ee,0
e65424cf,1
706d2090,0
94d4c49c,0
51ba3d48,1
fdd4c395,1
12eed563,0
f93627e8,1
df51a7cd,1
c84092af,0
514a25a2,0
5d421481,1
d3859efd,1
eb024725,0
0d8537a5,1
fe708ff7,1
1790bbf0,0
8a30487e,1
70a01d16,0
89bb7fca,0
398c1300,0
41b43c73,0
72d2839a,0
beeb98cf,0
c409f194,0
0c654278,0
fb155295,1
103d1e1d,1
6c755ff3,0
3722a062,1
90611922,1
77b432f1,1
ccf53246,1
4c52089f,1
81e05676,1
732c51d0,0
b60c6094,1
2e9db48a,1
68cdc732,0
e1f9dbd9,1
31fd12b9,1
72bd3e45,1
84e2f1ab,1
b4b6d3d0,0
874d507a,1
44775bac,1
83dfaf91,0
a9a1cc1e,0
227de452,0
14519bcf,1
970a9821,1
e84230ac,0
550e4ebc,0
5e98d635,0
667d386b,1
503fefff,0
08bcb429,1
90c293d2,0
bbc84c36,0
3facaac6,0
e8d1bc63,0
0ba50202,1
9d947517,0
e084ed8f,0
7051b370,1
910f551e,1
8d238915,1
e7238f30,0
a658f1ba,0
0b4e7093,1
4d59af79,1
99a7b417,1
e5798365,1
078c699f,1
b2cd6017,1
89b3960f,1
104d981d,1
05e410e9,1
44556da6,1
207e5145,1
390ddfc0,1
2e82728f,0
4245d2cc,1
d43a187c,1
52b60236,0
cc22996f,0
bf08f16a,0
47dea2c3,1
22ac0bab,1
49c670ad,0
1040e727,1
f39933c4,0
30474ea4,1
73978670,1
527ad437,1
78f83e41,1
12921cf8,0
b960192b,0
9dfaf61b,0
cec954d2,0
00bb437f,1
06458d98,0
37ba4455,0
2feeeaf3,1
06c83a48,0
dfe4fd55,0
0b7fb9da,0
52d1ae5f,0
0ef51267,1
0d9822ce,1
bcad7099,1
a26a7454,0
93b7cc9d,1
dcd0ddc6,1
16655d5c,1
2a6150ae,1
601fa9bc,0
3644a31b,1
396254ec,1
b01bf536,0
ff13313c,0
18c308c7,1
50b69cc6,1
76bd6e6a,0
74c587bb,1
11b26a63,1
bf2bc384,1
075634d5,0
7b1e388b,0
8eb02fc2,1
5b09ed4a,1
371b935e,1
7a1cbaab,0
c5c72595,1
c5ea95c0,0
a5b61d35,0
2c252c46,1
7d8e52d9,0
13fe65d5,1
a3d2abc6,1
9248daa9,0
605470fc,1
38717ccd,1
1144cbd0,1
6d32e09b,1
89b138f7,0
a83f69a4,0
68b7f89d,1
a0998397,1
7e20006f,0
93b12419,0
475c5a35,0
67f42c90,0
45a114e0,0
41a59ee9,0
6c2c6a39,0
9f840a7d,0
2ad5ee96,0
cb8b875e,1
2283d088,0
545f8210,0
7eeed38a,1
be77b9e7,0
16ec40a3,0
b7e74bcf,1
8a36acfd,1
d2e5b493,1
bd88797b,0
78566a26,0
32449528,1
5f6ffdad,0
38bdc33c,1
f88a9ed3,1
c1fe2103,0
63f7ddd9,0
97e123d2,0
7d078228,0
6b43e60f,1
e07665a4,1
4da0c147,1
1d2474a1,0
f39a3050,0
aaeb3f89,1
daa3d1e9,0
23cad3ed,1
dc8fd92d,1
994a2787,0
5009ce8c,1
95ba90c7,0
bb176f20,0
57ccd603,1
c3767f5b,1
076492b4,0
68864007,1
fb124dd7,1
c59fbfc0,0
ddce9f51,1
c459dbf6,1
1a39b44e,1
a31f8519,0
29ff4d55,0
c0a87a44,1
aa07ea34,0
ed7b77f3,1
ccb10918,1
aba1f2cc,0
0c4b7ce6,0
26a29fae,0
6a1a9b91,0
fda0d9b3,0
2f7da2f9,0
948317c5,1
df315de0,1
51762e5e,1
9be1f9d4,0
b20f16ca,1
24f677ab,1
19d36f67,0
db098e36,1
3ab323b5,1
db204654,1
f0b7c362,1
9c36083a,1
00247e48,0
99064331,0
fb023b97,1
834a13a2,0
b4fb7c3b,1
cccc91e5,0
e777f5c4,0
8a367850,0
01aee49b,1
09a3f3cb,1
b7837a99,1
0e5c18fe,0
433d92a6,0
d8c1c90e,1
5cf350ea,1
9e6adfeb,0
398c373b,0
8e1cb96b,1
c0ab7de5,0
b7519f43,1
54d7929f,0
222a4407,0
4cd8d439,0
ac31d9e4,1
0c51475f,1
926b4b5d,1
3072aeb4,1
5508aabc,0
7ff080c1,1
c8137158,0
73f4c54a,1
0ab19c8d,1
57c090c7,1
b3f4d7c8,1
d4a81cf9,1
497c4ff8,0
8949311b,1
d4f17d1d,0
cbd015d6,0
4ff7d773,0
5950d2f6,1
f0b4c564,0
4727e088,1
2c9b195c,1
04c441b0,1
9f1e2246,1
3bf56119,0
385033f6,0
1e14e9eb,1
4ec14d05,1
d16ffa50,1
6f2147d7,0
13540275,1
280aaa6c,1
63d6fcf6,0
e1130afc,1
8915b349,1
02cb6179,1
816084ef,1
e83e27ef,1
9928b6cb,0
398c44d5,1
4e9944c8,0
ade738c7,0
df106f1f,1
707c42f2,0
c7d6c968,1
2f62a2d3,0
58a62136,0
8e16308d,0
10d97d10,0
862a2dd5,1
45d7cd09,0
daef67d6,1
40b9f916,0
c17dc729,1
d008e04f,0
a5a6fe15,1
e9ce7834,0
518a5aeb,1
fd6e49ab,0
35ef2d54,1
be1f3e73,1
013825b7,0
c48b752b,1
a0f39ace,1
800aff52,0
e0eb259a,0
404bdcc5,1
9be770cc,0
e002bdfa,1
511f8764,1
d41e40d8,1
ff846aa6,1
c261a419,0
c3358fec,1
62972972,1
3f15e6a3,0
f239dd72,0
e9d815ef,0
568085b5,0
80708782,0
a578b01b,1
04b81012,1
3fbd3a3e,1
536bc047,1
6905e82d,0
352b0ab0,1
205506f4,1
b4075da1,0
0132c59d,1
5c471255,1
b9ee0383,1
aee38fe1,1
93eda776,0
d65ee363,1
7e6785d9,0
c006cf82,1
197f9050,1
efce51fc,0
d8dd1b33,1
ca5bae71,1
66eba58c,0
e080fee1,0
9626a2b5,1
c0298b7d,1
80f17a8d,0
fefe71e5,0
92a45990,1
8e922071,1
d5952199,0
3c56cf59,1
5b677f30,1
70986e85,1
ee110bda,1
e7b4d317,1
f59f29f5,0
3d1e179e,0
4e9c76d9,1
5b5d407e,0
bb4d8184,1
5f5ad493,1
a304ae2e,0
ac337f79,0
e00e495a,0
71477bcf,0
22ed2916,1
05fdb1ce,0
4c5e56dd,0
fab2df1f,0
afe6a1d1,1
fa03ba13,1
663dd2bf,1
5d3aa488,0
11d63814,1
11ac5623,1
dd28b028,0
bf244975,1
6a2fe659,0
bd689e7a,1
a7b21484,1
06626706,1
2fcb2613,1
1ee7f506,1
c462096f,0
59b91711,0
148ad313,1
a04c148d,1
142d14f3,1
0dccef06,1
bf9dea3e,1
121ec728,1
25ea1800,0
024bed49,1
771a9bc9,1
8b2562e0,1
fefe0db6,0
a6cc8fa1,1
fe33ce5b,0
c11a6fd5,1
69152132,1
dd54beb5,1
46d8944e,0
f278cc6a,1
9cba91e4,0
37e80ad8,0
6247d06a,1
0bb564ea,1
f8802638,1
cb77c1d4,1
edcad79c,0
ade84952,0
e9a4a8f7,0
8c3c9c0b,0
c105af7a,0
64a96816,0
d435722b,0
f8c2c17d,0
30b0c5a1,0
a241eee2,1
577af3a1,1
b1e49a9f,0
49eff60f,1
171ffc36,0
2dbb2931,1
851f9ad8,0
ef787241,0
3ed46d9b,1
61a96458,0
a0eb8b65,0
8058e7e7,1
5d0969c3,1
06dc5d13,1
614d8fdf,0
068ace8d,1
55bd7491,1
59db8d78,0
ee9ba395,0
3833c332,0
f9c56480,1
35041821,0
67426d52,0
f2eba496,0
cfc6b272,1
be6e6157,0
060762c6,1
28e5c819,1
165b73a3,1
1a16ebf2,1
c76353ea,0
c56aab52,0
19ba105e,1
4ccf1d67,1
d3f00ca5,0
dc366696,1
11ddfec4,1
71036847,0
9108a260,0
812d2c7d,1
601d54b4,0
2a21ddce,1
e03f632f,0
27c1c4f4,0
9929fc67,0
cc5b496e,0
9ec5c0b5,0
5fa292a8,1
d0e35d53,1
cfc89ddf,1
fd3916f4,1
019ab715,0
d0a7830b,1
2e1acd63,1
c5810152,1
8dae1e77,0
afe44c59,1
ac640b5a,0
5c47f5bc,0
2e5e1053,0
e30d5450,1
0de92cf0,0
e97daf2c,1
5bcc2bf5,0
d347d81e,0
2799f5cd,1
ce4b96f7,0
a6365299,0
6eb86fb2,0
d1384eb4,1
66c3ab6a,0
9be981c9,1
e5fc3dd4,1
fd3f01fc,1
5fbb0aa0,1
6968f510,0
7509aad8,1
9cf9c8ce,1
157c589d,0
fcc51d2f,0
6852ee69,1
8a388b27,1
e3b1fdd6,0
1d644f91,0
893a7d79,1
9ef2d53f,1
eaea1243,0
2d210670,0
b04329c3,0
1d88e97d,1
e5c8ae65,1
841810cd,0
187a1e4b,0
24f8bc83,1
071678c5,1
3121517d,1
62db6263,0
4b6fe0a5,1
016588cd,1
e47db8cd,0
6009575c,0
59d093d3,1
b3edce17,1
77cb2808,0
b318189f,1
eb804bc3,1
27af98c1,1
75bbd171,0
26a7450a,1
9f96c645,0
f295285a,1
1861ae59,0
320e2661,0
48b64c84,0
596115ad,1
24c5d2ad,0
513481e4,1
679ca3d6,1
550511fc,1
33ad621e,1
a7cd4c8b,0
942ce002,1
4a33d600,0
52512da4,0
199d9dd5,0
910c7a11,1
2dc4b47e,0
067c0baa,1
66ec0485,0
93e203f1,1
1eae71e0,0
9a320603,0
97c75edc,1
e3a3993c,1
03647606,1
b5758e75,1
cb341897,0
80a1d2ad,1
f2afc45e,1
e2e037d3,1
d8513bb1,1
2bb05740,1
568eee1e,1
48073219,0
52770a14,1
bb78aa77,1
d2041d74,1
0c650b7b,1
3ed634b4,0
4e7ef4d3,0
dc676914,0
9ef182ba,0
19456254,0
45c7e999,0
1e5f187e,0
8372c5dc,1
0a113574,1
22ac144f,1
82a0baaa,1
fb9c0a38,1
586d1724,0
42491e8b,1
32d8d667,0
2d658824,1
79e58200,1
50e426df,0
71d908c0,0
1f275072,0
a1bb2901,0
6c99ed0b,1
d8216f4c,0
ebb34ef7,0
0a71e0d1,0
3bebe07a,1
0de67b1a,1
7409fd1a,0
1e27c8fd,0
65cfde78,0
ab7841b4,0
f5064f4e,0
57457484,0
5492eb34,0
78dfcd52,0
7dcfa04d,1
0f7ccad8,0
730b2296,1
c1f05b03,0
265ced3a,1
92f976d4,1
2ac16805,1
b2de0386,1
898f0d27,1
b6d290df,1
64bc67c4,1
e54ee68e,1
5f14e447,0
9c736f77,1
328fd096,1
e8e9dfc3,1
a3a85eeb,0
d4b96d3f,1
bb255043,0
8696136a,1
be23ea08,1
777d00a2,0
bc8d3476,0
f6f8857d,1
c57f13ef,1
7aa6b7a3,1
512c569c,1
48b1c243,1
75ff94ee,0
c60f051c,1
032b1bda,0
77531032,0
06210232,0
d7418c1f,1
e2e957ba,1
566b0a76,0
7c6691b5,0
990a0ecd,1
16914cc9,0
e78a6709,1
98aa34a8,1
1908cc60,0
81946709,1
2fd07377,0
d5c0e0d7,0
58ec0c92,0
3aeb362f,1
147d59ab,1
e0829262,0
8b86d83e,0
9a350af0,0
aba1b542,0
b0112ad5,0
4ea094c0,0
74964450,1
e4a06bc9,0
245ef22c,1
828460e1,1
fcbdad05,0
50ff69e1,1
28cf2057,0
8ede8c69,1
323458ef,1
3c002c59,0
24e5b88f,1
a09d9139,1
d0b1be68,0
bcd22f87,0
f90b1c41,1
f14f533a,0
acfaa4ff,0
78e7617b,1
febe6575,0
5cd96fb8,1
88027f9c,1
388dd3bb,0
8e6cf4d3,0
0b2daf85,0
63f51c56,0
5b6305ad,0
241c50cb,0
495a6ed2,0
b04bf998,1
c55e7096,1
2c9d1b48,0
e20a003b,1
33725817,1
fe05fc09,0
b9022c8f,0
b5abb620,0
e62b3eb0,0
95812205,0
209f8e41,0
9bb3cd44,1
86bf6810,1
919cb6af,1
8cabc104,1
ca5fec7b,1
01e7f145,1
d2826f8e,0
e584f028,0
4bdcb525,0
6b2bc3e9,0
7a523e74,0
1c3a420c,1
8b383772,1
c420c42d,1
f0326766,1
d67ae313,0
7a00e52a,1
fd60ce30,1
d0de0afb,1
5dab3243,1
e82b326f,1
96ca682f,1
e7ba2cd2,0
47f2fbed,0
faac6b8d,1
2eb785f3,0
95f440be,1
e735e243,1
bd83f233,0
e2315156,1
07945467,0
256daf6a,0
70801a8b,1
518578cb,1
5e630a80,1
b2df2187,1
ff32d7dd,0
5144d458,1
f9f973c1,1
ac65b2c5,1
e5cece41,0
cc9ca990,1
2b771726,0
fcea895a,1
fd477a03,0
4aa26de8,0
9a842704,1
b1bb19c4,0
fc46a862,0
e43d659f,1
f344be4c,0
31671342,1
4d67ed4e,1
1dd1c8e2,1
ab08e37e,1
c2924cd3,0
fde48cdb,0
3c7c170d,0
ebeedf33,1
6235d8b4,1
73a8162b,0
b37e2349,1
0dbc58b1,0
14741b3d,1
fe1f82c2,1
9a75c053,1
581d8a32,0
eedeabd8,1
2208fecd,0
b68c71e6,0
dea2cdb7,1
ff3401e1,0
5ccfa32c,1
15370256,1
d81a82c6,1
c78671c6,1
7fbf3fc8,1
de8159e7,0
efcca249,1
c3cdfd7c,0
1fbae11c,1
a78197b9,1
9510487f,0
11f770cd,0
d2401c84,0
781d4a78,1
236f4be5,1
df56ab4b,1
ea825acf,1
cf992e29,0
66750962,1
fa423857,1
d6889deb,1
e62ff090,0
47acfd80,0
b9f5efc5,0
1a2a1f7f,0
e8067065,1
db61755b,1
c97e4c01,1
02538d0d,1
9930fe8b,1
1e053314,1
247e0650,0
a4eb05bf,1
66ea133d,0
3220362c,0
67162075,0
5af75025,0
5dd87bb9,1
010dc181,1
40dbd0a9,1
0c10fd9e,1
39c38975,0
20f60e12,1
4fb6e67f,1
d7d3e9fa,1
787d0e9a,0
7d92a013,0
65f79253,0
a20dfd11,0
c04f50a0,1
a007e147,1
80e35877,1
e3631e6a,1
684fd7ec,0
9dbdb2b8,1
1768e4bb,1
d84884d6,1
838a14ae,1
6e007f95,1
6e0c3725,0
d4c5252a,0
209cba64,1
1df44a05,1
d925c0cc,1
85981d62,0
18b93e7f,0
4936bb64,1
d57686b7,0
0d6d23b5,1
3859bfa4,1
2cfddca9,1
32eebbf8,1
79c40371,1
f7f432f6,0
d50e3a56,0
b63bbdee,0
de327375,1
43a0d395,1
db465006,1
44809656,0
3c72f288,1
3f449132,1
ec5d4a58,1
49d62856,1
b80fb15c,1
368e304e,0
f19bdd74,0
b55e823c,1
89dd11b9,0
4286352d,0
4b10a9dc,0
3bdbb13c,1
7e9f355f,0
f420301b,1
4e3c03ff,0
3227e0ba,1
d12d7771,1
6616970c,1
186ea788,1
42867a33,1
7ed03e02,0
f24ce309,0
18d7021a,0
9a18807f,0
a94b079b,0
255c4f02,0
93ba10ba,1
95567789,0
bb09a45b,0
a972a7db,1
2bd5da67,0
7a43c51d,1
29adcf10,0
6742855f,0
d20e49b2,1
9f81771e,0
de27fefb,1
d18f6f0e,1
69973737,1
76509472,1
57157f35,0
72f5cc06,1
19982389,1
4ed21d3b,1
5a0ca890,1
65ea29c4,0
b4f11fb6,1
8836e0c8,1
30456db6,1
19174e69,1
8baa045a,0
bfc86919,1
2f93bac6,1
c44960f2,1
b660e80e,0
76411374,1
839bbcfe,1
bc8c483e,0
d9577013,1
b47fc3d2,1
a57ef2a1,1
d6908d52,0
99814ee7,1
0b6c4509,1
095f1797,0
7dd828c0,0
764b4e82,0
91ef8a0c,0
a91ee052,1
a01318ab,0
325ad084,0
2ceb258a,1
a969eea6,1
1a538ed3,0
65e14f46,1
77c165c3,0
14c60c1d,1
630360e8,1
8d7026fa,0
13964a63,0
d0155b0f,0
46afff48,1
4868f534,1
26743a5c,0
ad50aaf3,0
89cc4fce,0
715785e6,1
3d28a858,1
ba36851a,1
51ecc6ab,0
b1ec4727,1
040c5d78,0
a8a77c55,1
32f51fe6,0
8ef7a06b,0
838fafac,0
7d0b89b1,0
7d9636c4,1
8d37529b,1
5fd612ad,1
323ca98d,1
842d7d88,1
c7529197,1
3235b7ca,1
2436a25b,1
e6d8d670,0
1c5a5a1f,0
1c1d6c80,1
9579aa49,1
aeb95ac9,1
db172beb,0
ae2a516d,0
63e579b1,1
a49b42ff,1
99fb914f,1
d86b48d1,0
6bca064a,1
d3bc5515,0
ded30e1d,0
d88e4b44,0
6f688a3c,1
a98dcb63,0
6d9d1eca,0
51924408,0
a8f910bb,1
7f12814f,1
cdcdc401,1
5dea100e,1
04738deb,0
e4064b10,0
c84df9ea,1
ba8130e2,0
7535f0cd,1
c915f66c,0
f0c360e7,0
fed2396a,0
5d58a277,1
21279402,1
873d8adc,0
2fb68d77,1
8fb1a67b,1
fe8c6150,0
c00db5d4,1
2e3a38d3,1
38464042,1
58d4e224,0
a7bfbc2a,0
9cdcf947,1
6c610fd4,1
50fd58f2,1
b093a813,1
28f4e51e,0
2d01ecdc,1
290992c4,0
e0f83a9b,1
7cdbe05e,1
2a33464b,1
84521f2c,1
a1d7e535,0
f77a2b74,1
f2c5216a,1
b516302a,1
564266ec,1
56d23ee0,1
8c9971b5,1
fe75e357,1
cfab3237,0
f7258c56,0
e79cb5cf,0
efbb58a0,1
ff8d6575,1
cf6d0221,1
b057a3cf,1
d7aa3d66,1
db1b3f2d,0
9cfd7cd3,1
0dc59065,0
f2742949,1
cfa8905d,0
6bc7bb68,1
df228195,0
92b3fd07,1
99181903,1
17b47421,0
54c58af0,1
c533141a,0
3a89f639,0
2b9438cd,1
de0fc4ea,1
d0b4812d,1
5ab3daa8,1
3a205fb9,1
81d06d13,0
5b155890,1
b7332f47,1
13a49895,0
a9dcaf7e,0
daccb199,1
0a31aaec,0
effc32ab,1
b9b1d1ae,1
837567b0,0
76364052,1
614324a1,1
3b20239f,1
49054d2e,0
59eea5d5,0
eaa8408c,1
3b3369f8,1
06f7cf48,0
99cae923,0
c2b732c8,1
5652b0eb,1
033f2509,1
d32b7520,1
86bfefc7,0
3279d1d5,1
22221e9d,1
9bdc1896,1
49fa8e72,1
d911954a,0
16fcc6f5,0
b5e8f248,1
10f410ba,1
fb702ee7,0
a162448e,1
2e757023,1
877bcc05,1
0dfcd873,1
c4e06675,0
a1c03878,1
d187d757,1
967875e8,0
7fe478cb,1
d43aa540,0
964acdef,0
d7ecc1b7,1
a5b32893,1
5b68a817,0
8f374224,1
8deced1c,1
c5959db1,1
d3c61d2b,0
f4cb6420,0
18b8670f,0
777d03d6,1
57b18759,0
4843496a,1
6156c963,1
73165630,1
53c49cf8,1
1f2e9806,0
5addc113,1
35d2fbc5,0
3a451e5b,1
59b9eb6e,1
f8669a86,1
fa3ff835,1
6e7e427b,1
8b05e1a1,1
ad3727d3,1
8965e560,1
821e0c31,0
2b33b417,0
acc4dd50,1
4a0a5cd5,1
21aa40fc,1
1d91bf6e,0
923910f8,0
54c012c3,1
00d366d6,1
278627ff,1
1372a58e,0
4b4247a5,1
0c496d3a,1
d6774ba7,1
814bc35f,1
36497217,1
c9a9bb5b,1
ac07e085,1
f806ebf1,1
bd9dd604,0
3679bbf9,0
db1343a0,0
679dd63b,1
43eebf55,1
74e2d160,1
e09bc632,1
1b2227be,0
989685c7,0
05ba66d2,1
ed366c4e,0
954f4238,0
21f4f395,1
127bda37,1
ca5c432e,0
4429971a,1
a6179f95,0
d0d5165e,1
fe3f7d13,1
66be84a3,0
154d8985,0
27260e05,0
6c37d4ca,0
69a6b224,0
9d37a1ab,1
5998bcf9,1
1198c02c,1
9b7c82ed,1
4b335d8a,1
9655bde5,0
2df55cab,1
97c45082,0
a8ad8cd3,0
591b8504,1
4cfc4b39,1
cf87475a,1
ea222d2d,1
f1266956,1
c3bf1074,1
92633d3e,1
bfe11458,0
f142d550,1
03942109,1
9381009e,1
db9508e8,1
dc61215b,1
d7b962ae,1
ac883af0,1
a18d0c4a,1
4b656126,1
6adfd15a,1
5ebfa034,0
3363e0db,1
852a432a,1
6fa80d7a,1
569c4651,1
57422abf,1
64c1438f,0
0f7a771a,1
cf68a502,1
ebc580bb,0
17d13500,1
f1565d79,1
e5ac1d27,0
62339204,0
49807b4a,1
8935c7e2,0
a561f2b4,0
04387235,0
04aac344,0
54063004,0
1b5e08dd,0
6968282d,1
281524f9,0
fd553fc8,0
e45f0b13,0
b34a4ca2,1
0dcd8be5,0
c90f547a,0
4c34de66,1
a47f4d0f,0
2a317a41,1
b64c8598,1
2bdbb188,1
ccc89b62,1
645ba2a0,1
09e8a5e5,0
be3a1e7a,0
92d0180c,0
2e8ae485,0
007f8195,1
2bc2e785,1
baed3d4d,1
fe9848ab,1
426619f5,1
6d129e11,1
906e6124,0
d96aba17,1
2d18a140,1
4b6c1a2b,1
da62caad,1
5a0cfeff,0
befbb68e,0
cad3b152,1
d79fa5f7,1
7462cddb,1
0097d47d,1
68d6335c,1
9f81549c,0
638d49b9,1
51a50ebd,0
95131535,1
3c470d57,0
845a97f7,1
feed4566,0
fb6a5915,0
4d47e42c,0
930bcf1b,1
69aa8b45,1
14c07f0b,0
90e44340,0
1b8f6a9e,0
3552689b,0
087c5094,0
087e1232,1
321e2099,1
e08939b8,0
e624f417,1
93291138,1
9c3c7962,1
56c42675,1
736c4009,1
6a203662,1
7e4ad586,1
3aa99a38,0
8c74137b,1
b4181d37,1
fc80eb35,1
64e1b981,1
1286ea75,0
7d276b6e,0
a386d706,1
ec149576,0
cd93b8c8,1
a534e7e7,1
ac9eb453,1
90076078,0
2cc7deb1,0
8a1d8803,1
ed549ef5,0
52f93bc4,0
87b26c7e,0
8b4b736a,1
51f1f1c1,1
7ccb045d,1
fc6879b6,0
af01f762,0
95e519dd,1
7e83b19b,1
a14f35c8,0
a61cadc3,1
1b769b14,1
80c3cbdb,0
843612fe,0
59fcb7e0,1
529593d3,1
5898a695,0
081c5fef,1
517c5fab,0
4daf7af0,0
85b02f43,1
2773053c,1
8fbc896a,0
3d6d6648,1
bb671f69,0
5332d0ac,0
efdf6eff,0
1f3e21c9,1
4060450c,1
1cd8282a,0
22807879,0
a30f4fb7,0
2560cee9,0
f85dfff6,0
6fe4f47e,1
69d6387a,1
98842917,1
fcc96959,1
7e26baf0,1
4d609734,0
c96d08d2,1
11b14d14,1
22b68133,1
65cb30aa,1
80967ba7,1
b54aef48,1
020dfbda,1
4de9c502,0
e9f4af18,1
04c7c4f2,1
1ffbf411,1
cc57c57b,0
15373a40,1
a992225a,0
fbaf302b,1
8339a6ca,1
29d824f7,0
659f11a0,1
88fb9b4e,1
db2d689d,0
18da6fdd,1
0c16c0ce,0
7b7da3de,1
a44e0e0f,0
490e3fb1,0
0ffe1475,0
27efabd7,0
3dcdfda3,1
637da450,1
16b64b9d,1
c76b1927,0
9126c78e,1
ceea2fdf,0
371c75e1,0
dd09f50d,1
73674456,1
68d33c24,1
f703b77f,1
732d6b4f,1
5085b269,1
f42e8155,1
7fd58dbd,1
22666426,0
4bae16b9,1
a5953b7b,0
720ddece,1
e4fc697d,1
e2e1df27,1
42a1cc87,1
7cd4c795,1
912c11aa,0
619f82b2,1
a883693e,0
6b810953,1
7b8ec14a,0
ce40c72a,1
88d0e09f,0
5be97bce,0
26014fd2,0
278008b7,0
e8cf967c,0
7045bc53,0
da9cbaf4,0
8d656494,1
c55988d0,1
780e1171,1
13a31d5e,0
1883e583,1
5ee65141,1
260e1d2e,0
c874b041,0
04f5386e,1
e575d0c0,0
44d63bf6,0
5c4e9b0b,0
eebcc3b6,1
2f33c31e,0
28f5f216,1
bb368d74,0
9dd66aea,1
bf89449d,0
de1b8020,1
e9af758d,0
64022bd4,1
526789d8,0
09025dbe,0
115c6134,0
ce6aa2b2,1
b80c3064,0
4e2762bd,1
364242f4,1
bd3a96f4,1
73d09bf9,0
86937a8c,1
0969a0e4,1
cfa4c867,0
da1e5985,0
dd22bfc6,1
2fa1cecb,1
4fde6327,1
4457c5ae,1
ad27be49,1
ba21ffbe,1
abd65309,0
6e3587f9,0
0e02c37f,0
b3fbf138,1
5d494001,1
d5d660bf,0
e4b67cb7,1
2fbc6b02,1
3ca0c3b2,1
7af13b7c,0
382198f0,0
cdc5c9ed,0
cca129c4,1
be9a6bea,0
0c2b9434,0
15e0def7,0
c193ae99,1
42ec7df2,1
917300c1,1
29e487c8,1
ff66dfbd,1
1dfbef19,1
ef8d5737,0
5ac62625,1
9eda83f8,1
c5ff45a7,1
8b031162,0
11fa3e76,1
93da94f9,1
68e53103,0
dc0dc7fe,1
24e94921,1
d392087f,0
f5e7a1bc,1
7b42399c,1
9e2f2501,1
88f7c9f8,1
889ea184,1
5e0d7a22,0
80042bdf,1
077b6c68,0
006369ec,0
0ef3db85,1
187d1375,0
19421236,0
36856034,1
184095a0,1
cb857d4f,0
a49f2976,1
c885c8fb,0
290ad1c1,1
5da44185,0
4e1c0f40,0
6811f516,0
c643494a,1
89b389ae,0
99f69fae,0
85ce64f5,0
f39fda18,1
62fde645,0
54d976e4,1
214093ab,1
9e091904,0
58524bde,1
3a7c5aa7,0
98ff7b84,1
ba3a611d,1
3bde5fa5,0
a0030881,1
2eb4938c,0
9a605545,1
844f2bfa,0
4d5e1ea0,0
e4fbfec8,1
86ce8eca,1
d52c6043,0
21c46c83,0
dfdfb031,1
35e4aaca,0
017bcd36,1
8ae998ba,0
6c08a718,1
a54ad43e,1
587bf099,1
b8e4ba9a,0
d29eff4d,1
5edb551d,1
6eec33e0,1
c2149448,0
bd81b915,1
b10b49f8,1
cf14ef53,1
c27fdbb6,1
e4351dd8,0
1ca3c9ec,0
2dcccddb,1
a8c32975,0
d940095f,1
ca389493,0
dbc9cdf1,0
dbb14840,1
d52cfd90,1
b4096333,0
93e8e5ad,1
b0dfd29c,1
cd4b5986,1
aa3a8108,1
254d2238,1
738ee6ba,1
f5af2459,0
809b49f3,0
e3539167,1
a1f32e74,1
b348ac39,0
4db8e0d7,0
d66d465b,1
b10d2bbb,1
01e63d93,0
4b7aada2,1
7583914c,1
caf59295,1
4a9404f6,1
45d719e3,1
71716a82,1
5a0dd3ab,1
c5810d21,1
f678038a,0
e3f2411e,1
070fa8e6,1
fe6e897a,1
05f4931b,0
4ce91a00,1
0246ee0c,1
d0cd49b0,0
d0a8b2f0,0
f108894b,0
156c5a85,1
df33d7b2,1
baa0ec5c,0
243bac76,0
72b7819c,0
3bf4c2f4,0
70b0d042,0
51e2b7ca,0
0dd1212b,0
c721c53c,0
a9028dea,0
7ce9e776,0
6578f35d,1
0ed8cf16,0
447846f7,0
0699c09a,0
d28af579,0
6569075e,1
1ab85794,1
1745f65a,1
857d0e74,1
8a24db5a,1
dbdbfc89,1
bf742a69,1
3fa06975,1
346bee7d,0
1f0f8e85,0
65f5a422,0
ab6e8e04,1
8c5ec9b8,1
33f6b29a,1
0129bddd,0
914dced2,1
4e43ed1c,0
4cabc6b4,1
8c1e831d,1
8e7d4626,0
8f6d47ba,1
fddd6685,1
9ab2d11f,1
d144c4fe,1
d809a3e5,0
888e38cf,1
0cadb51a,1
a3c247d3,1
8d866bfd,1
fc0b7b59,0
bb58f257,0
5abd9ea2,1
f31369c0,0
b2df1546,0
2d955a2f,1
224f31a7,1
7354202b,0
91bdeaa6,1
4af9acf6,0
e78ddb82,0
9c0d19a3,1
ff042ec1,0
89f9dbb6,0
51062fd7,0
81fbf318,0
0226002d,1
af182c5f,1
1a49506e,0
fa530b08,0
aedf4fac,1
0ecfc382,0
6b055252,1
e84e4298,0
5cbebe85,1
f43ac361,1
4c44148d,1
d3320ed0,1
076589f2,0
ea34a408,0
60b2a91b,1
c79f6c3f,0
dd40e451,0
a0bfc4d6,0
c68e8922,0
75b9b3d3,0
09585ae4,0
ade05c36,1
8aa76684,1
6399fe30,0
9b7ad695,1
7f6d3c16,1
8b5497a2,1
b61ac08b,1
70c83161,0
f41de0c7,1
01172550,0
878baaa6,0
a71ac38d,1
3e61c5e1,0
2d10aadc,0
b3027c0a,0
2b76b075,1
c47fc129,1
bb478cae,1
b3c9e845,1
4b1b2a61,0
14b311f6,1
e5c8e775,1
566c86ca,1
149b5e89,0
f2aaa705,0
6b7e4a08,0
ebb4f679,1
5a17b824,1
2c407095,0
93e299b6,1
dee0c66e,1
3f9d7570,0
3be9624f,1
e9ee98da,1
e73d6bae,0
f0ccd2ed,0
1a6fd33e,1
c4be528d,0
9568e398,1
319842ec,0
6eb11771,0
f902ef9a,0
7d324378,1
1d0c5e40,1
674b40ff,1
fb24d7d7,1
bc1540d3,1
6ee01efd,1
27c82155,1
b26da393,0
13a05958,0
2f077a39,0
a6ab4353,0
518ca536,1
75f5fe9c,1
c6e42e94,0
5f2bae34,0
2b6e8231,1
b37e6922,0
08608737,0
0712e0b2,0
acbd4462,0
16a25321,1
abb85c83,0
621fc582,1
2b692382,1
fcf645f5,1
8dc77e3e,1
a6a980c5,0
c835f175,0
4d1fc845,1
6f2dc077,1
9ba185f6,0
4e5f188f,0
a495efac,1
1f3d6cbd,1
0f6372d9,0
830e6f72,1
84922e32,0
b7d95c92,0
18d29c0b,0
d337c39b,0
0fecb752,1
e59ce961,1
3131bac2,1
85cd075b,1
53eae829,1
c52d4735,0
8d0dff4e,0
af396578,1
81b71a3e,0
b081a6be,0
a298e472,0
2c3040d5,1
777e918e,1
8f140837,1
69e74507,1
d2fa49dd,1
e4b8a658,1
b22b7bb0,1
e28e413d,0
d79a5b42,1
8d05dd93,0
655b528c,1
fef22c11,1
11ce85c7,1
2abdf225,1
691e57a6,1
5edf8257,0
2e3e6525,1
5e1e95ef,0
2d6baf47,1
ea692aeb,0
326ea4da,0
2c2144a8,1
995f5f0a,1
b10fdf53,1
3dc110b0,0
1e423da1,1
e415b627,1
f905d8be,1
ebe75960,0
9887d0d7,1
d20fc497,0
57cc8d82,0
19c1c0a3,1
bd5242b8,0
a93c966a,0
69f7ee7c,1
400c030f,1
f7cf59db,0
9057f177,0
f874aa96,1
3d2b2f65,0
b1a9889f,1
5638800a,1
6cc3de85,1
c45a6f9a,0
719dcb55,1
abc29c67,1
0d8454bf,1
da9b4543,0
f5643fec,0
d8f178ad,0
6813bfff,0
f517bc3c,1
c1254561,0
fb1ed800,0
42cd718d,0
3a3f1352,1
531c29eb,0
f6383a5e,1
9927fa32,0
de4e8cd1,1
0df14296,1
9604cf33,1
3ae2ee8a,0
95996594,0
2908036d,1
59b96076,0
1b511fe9,1
52e0670a,1
8b045c21,0
d818079e,1
0e359c0e,0
9f68e110,1
2257324c,1
6d5c700c,0
ac3efb70,1
c17b7dbe,0
9cbbe5f8,1
2f7d1ca6,1
2a773c6b,1
4aa51844,1
50414b6c,1
fa708c94,1
4ffb2214,1
f080f2fd,0
7686a991,1
210584fa,1
314a0c60,1
652738be,0
97328fb4,1
1ffc4b1b,0
285775b5,0
fae7c37d,1
95faa6e2,1
2cc92463,1
be0a4884,0
0ec6cc07,0
7addeb4a,0
7078e35a,1
00bb722d,0
fb6d9aaa,1
8739c78f,1
b80307d7,0
d6aba752,1
239e313f,0
71cd2877,0
b870c6ec,0
148f600c,0
f2de5d65,0
9c48afc7,1
888d5190,0
c2d79443,1
07458d5d,1
80eedd13,0
281ec65c,0
2d85da71,1
88e6d0b1,1
b2bd9d8e,1
38a978ce,1
23ff220a,0
db055794,1
e1707308,0
83a3aeef,1
7e15b042,1
0bd24025,0
ffd5b968,0
bbbeb3f3,1
8b8867f6,1
e194338e,0
6f151f1d,1
195dca0c,1
f53d80c7,0
11e40b77,1
68ef9a7b,1
9e71b979,1
468c860e,1
db924274,0
bd440b55,0
00aa3cc0,1
4a12a86b,1
2c6d8b37,0
e3627025,1
be761ffe,0
b0656196,1
ece21805,1
588abb8a,0
6cbbefe2,0
4b8bfbee,1
6e92fb57,1
9a44a5f2,0
4f0b2b92,0
1505b82b,1
7d466bf9,0
576c6542,0
8291657d,0
f511d824,1
4d47c4c7,1
fa54293b,1
01b9a8b1,1
c28c7b2c,1
584ce991,1
f3f4b189,1
7198ab97,0
5e72d0b6,1
f6515d3b,1
8bc9742d,0
22c36469,0
7fcfd569,1
80a85ac1,1
76ba4556,0
bb77bbf5,1
3f73ab1e,1
097e911c,0
e10f4392,0
806d5b36,1
3d39d621,0
fde36964,0
e0f2ae24,1
f6988945,1
3b11719a,0
0deb60e7,0
c0b9e68a,0
3494a0d1,1
acbb9196,0
52986021,1
d544ca63,0
65f12c9d,0
b2481ac9,1
c243a8fa,0
72d75152,0
8bab8f93,1
cd4e72c6,0
650ce31e,0
b7e02cd3,1
31c6cf57,0
a602c92d,1
b00d875e,1
b9fe2749,0
24ec82b4,1
b4e44ab4,0
5cac86aa,0
521c5d2b,1
edc2db0b,1
99042dbf,1
284a1e3b,0
2b162deb,0
7b2d72ff,1
98976b64,1
df369406,1
ba529f7f,1
0ee35685,0
5c9153a7,1
c34bfffa,0
7f2f2bef,1
36b6304f,0
8500f7a8,1
31edcffe,0
b17fc779,1
b1301f39,1
78f1eb1c,0
29fd91a7,0
7fc4ec36,1
6d519a8f,1
b98b48fe,1
00798379,1
b182e233,0
72481332,0
a3dd6b46,1
55e1a2fa,0
ca167f7e,1
a2f6fc60,1
c12ce38d,1
41cc3cf1,0
75d15e82,1
3ea7f47e,1
f78236c5,1
23e4de19,1
46bb840e,1
0163756d,1
760c3340,1
f657d0b3,1
2834e5e7,1
e1c188b9,0
ebc4685b,0
dad4ec14,1
598af27d,0
b4dc7f97,1
720f420d,1
c76d8118,1
b471c603,1
d7f44170,0
c9b9f79f,0
ab4da4fb,1
178aa124,1
8c5d18fd,0
cf2a2fc7,0
2e246f9f,1
2ba7907a,0
f214540a,1
03d3ec95,0
63d2d8ae,1
baaaa0bb,1
156bd669,0
cec57749,0
451cf7a1,1
67ee7a39,0
0e8a2a9a,0
a52e73bd,0
e6ac7aee,1
7a85f62a,1
43a086e4,1
32136d23,0
e7f5ccba,1
58476959,1
8ccec255,1
4b22ad9f,1
a1401886,1
2686bacc,1
2989e2e0,0
b77deb16,1
08493b52,0
23d82bac,0
9ac4b71e,1
e6ddc0f5,1
17832ef4,1
ed60af4f,1
aaa95c59,1
f9a48982,0
316eab1d,0
2a57d8ad,1
6f19f77d,1
8da56219,0
67fb6867,1
ce92720e,0
2893de1d,0
257e9545,1
f3dd39cf,1
5b6ac9d0,0
71d93ab6,0
ba6f3747,1
22c4a251,1
663a0e81,0
006abe61,0
73101c44,1
6532ea43,0
6b212e40,1
ba767a4e,0
b68fda7b,1
8c7e4855,0
6e303b94,1
973c63c0,1
91bc8a61,0
b9d42d7e,1
1e50c3f4,1
e6515685,1
c0d02666,1
420c7bc4,0
35d0788a,1
56f15158,0
f0a0586b,1
ee809167,1
83f5d9e4,1
e897ba70,0
da4f1697,1
6a5c8da8,1
b352e469,0
e7fc4119,0
95906de0,1
f6a9fa75,1
f0e65285,0
00ba1b5a,0
c6452bbc,0
10841913,0
55a784b5,0
37d789ea,1
6e7afade,1
98cf7b29,0
81f2879e,1
6ac9185e,0
37799494,0
37cfb516,1
3999e2a6,1
571a73c4,1
5c946fa7,1
293d4dcf,1
92165d7c,1
4af76897,1
fb33d700,0
86e22626,1
da603904,1
c85e38bf,1
8046c7d3,0
115f4b3c,0
1b513356,1
aeff3630,0
707505e3,0
2494f3db,0
8711f61e,1
381bdd01,0
efc85238,0
ea62c1f2,1
738bc412,1
b6357cd7,0
dcbd2946,1
60d6c35b,1
a66ab78b,0
1a71e92f,0
9adc2c2a,1
00503faa,0
cddbbe52,1
bda9d3f7,0
a3396076,0
f96b8060,1
1f692c31,0
80fc2b4c,1
bcde0042,0
00abc1a2,1
19dd8b45,0
21c789c0,1
47a552ec,0
7817f1f6,1
3a9d0cd3,0
6a461834,0
9bebaa19,1
f1c137fc,0
c10a2b86,0
f7078526,1
ca783374,1
8288ecbc,1
6c8cc252,1
d0d8eac7,1
ca13b8fc,1
b6f813a0,0
a7f9dd0c,1
2b3dce68,0
d3ddf42a,1
ad975bfd,0
d6684c82,1
cff528a7,0
f320ea1f,1
d70f80d8,1
301e2089,1
f2101db5,0
e9609fde,0
6b06f3d4,0
dc5f06a5,1
ad3b1c8d,1
87fa851f,1
edfe0d9e,0
484e7e3f,1
747fc25f,0
06e201c9,1
6a7b7b16,0
76f51088,1
0c6ce303,1
a8750a23,0
005d1a8d,1
7f0be083,0
7a0f2f2f,1
e1f9257f,1
a6fb4681,1
c1c7e9be,0
ac869afa,0
e99c19c1,1
bbef7d99,1
37e2e959,1
cbcaf60b,0
87e7af15,1
343c2321,0
86bceac5,1
4ab48f91,0
5f483683,0
08d13069,1
c35ffbea,1
fe432129,0
f5f77552,0
59eef4b5,1
8a9683f3,0
3469718e,1
403b44fb,1
41b9e7ec,1
41f2ae81,0
f08c166b,0
6b2ff695,1
80896ecf,0
ae4686ff,0
c7f2e193,1
f225df4e,1
c1746a28,0
b784e5eb,1
c3dde492,0
1f8ded3b,1
c94ccf7c,0
cb094c48,0
a3c7ad85,0
50e04b40,1
1e4c051e,1
8988d5d3,1
c642619f,0
c6acb363,0
8be4b652,0
44dca4a2,1
f907ebd5,1
f7dd1654,1
0c758a71,1
f9b8bbb3,1
7c70db2c,1
c8dc61a5,1
85d93789,0
dca344ad,0
af2fbdce,1
8b83889a,1
78dfc07d,1
4e94be53,1
0e817454,1
dfe6fa99,0
3edc1cc0,1
8c6dbe7d,1
bdf32d47,1
2760f741,1
ef55d0c0,0
8fcfa985,1
60161993,1
25ad6a48,1
696f6720,0
04362967,1
5258c583,1
f879fe70,1
2439dfdc,0
ac950d25,1
e6959965,0
19a32064,1
5d50c406,1
dcec8355,1
5c8d42bb,0
51c63020,0
084e91db,1
6b8a360a,0
9472ba7d,1
44a04f77,1
942e9022,0
527e6832,1
9e227218,1
604418cf,1
1cb56f66,0
0c6632d8,1
f4a5d0a4,1
dfdc63d6,1
30aa34b3,1
17e1ddd6,0
d537c796,1
c767fce2,0
b99a21ba,0
ba1b5388,1
cecd5499,1
bb76f9a9,1
65c7d23c,0
ec5777c1,0
5e6863d7,0
d8776c31,1
d2259acc,0
d99d01b1,0
b7baff6a,1
a6bf99c2,0
b01fdaf1,1
dd8ad5ed,0
9cff4ede,1
14ab6ce9,1
d0868f38,0
7351accf,0
8469d948,1
9cc731e6,1
c991b886,1
15c427d5,1
7c7afc5f,1
99cd0a99,0
1d4e77b5,1
ff2d1583,1
1041e785,0
0ce1b293,1
8ba6ac8b,0
7c0d1b8c,1
b8365041,0
844e0e89,1
f9075b74,1
26758b1d,0
c071ddaa,1
e5664562,1
5ab278a3,1
9135a187,0
199b3b1c,0
99772654,0
fefe466b,0
0a0a0a22,1
765bfc2a,0
65c8d6d5,1
cc895cb8,1
73664654,1
b3a8a04e,1
da02c8c5,0
5359feb3,0
72201aa5,0
a0f90d86,0
6636f228,1
505fec03,1
6bc192b8,0
3cf96637,1
8b118095,0
5ee7a2d0,0
777c5dd0,0
fb470e0f,0
3dd51326,1
274ddcfb,0
40e0e281,1
4ee8792b,0
b7073f4b,1
57746572,0
c663ce18,1
8e4a1245,0
61a8d153,0
f542678c,0
b5634a66,1
2f45d195,0
292f4a29,0
1c05dc2a,0
d55bd660,1
f4a5f0d1,1
431c633e,0
f405840f,0
b99f6ab7,0
c5a74119,1
11a31337,1
766b2fed,0
8c4798af,1
85a25590,1
5cc7453a,1
bf6837a6,1
027d40aa,1
fed054e5,1
8caa268c,1
def46fec,1
4b85d4b5,1
20eb4bf0,1
38511b3d,1
f89f4fd5,0
9364c592,1
9dadbf56,0
9f2f6c98,0
a401ce15,0
d4dbb7bc,1
630ce8fc,1
cb11a60d,1
5b401901,0
3db072ff,1
13a62b30,1
af587b12,0
cb657124,1
8fc19121,1
a115756d,1
927737e3,0
756a273b,1
a488956f,0
378606db,1
3e01d989,1
a7831a63,1
7321a6b9,0
c1cb7c8f,1
b2fc2d63,1
131c0fd8,0
03f9ac23,1
23b33e7e,0
1c5a5994,1
f421dd8f,0
cb80fc56,1
d23e670b,0
9eb861ae,0
bcf6e92a,0
0961bca0,1
abf98bd1,0
c17bd57a,1
016a5124,1
f467e65d,0
1fb7792c,1
54ac93c7,0
fc1743ea,0
59f38354,0
24affc51,1
765d7238,0
821b5dfe,0
5b51ab9a,1
6723d8cd,0
226b6db8,1
923d35b6,0
33e97dee,0
aecdac56,1
d55660ed,0
3f5b7972,1
c7913f57,1
1e6d2b43,1
46b2fa10,1
cce54f1a,1
30bc12f5,1
c51afc45,0
6d7f70d5,0
ee91ab54,1
28ab6815,0
1aa1b7f9,1
751314d0,1
2331401b,0
0c392e3f,0
54d448c5,0
a260dcfb,1
fb15f329,1
8ae39645,1
6cd21507,0
4f0dc232,1
b0957592,1
27ac258a,1
9548cb6b,0
f53292ca,1
9d4bd354,0
87e50f45,0
678947ea,1
5cc342c7,1
64b4b92f,0
60c50aa3,0
9a424825,1
e077b520,1
3ee12ffc,0
3face647,0
0e7cae84,0
8dbef7f5,1
6aef926a,1
b0175929,0
fcf0751d,0
5b2373bd,1
bb18d6ef,1
4f3b0838,1
518e7a7e,0
83c64191,0
38599a8c,0
475e772b,1
dd180e4c,0
e3af1bf5,0
d6a485cd,1
af3c091e,0
0ce5e063,1
57b8fe56,1
a4e1f1c4,1
945d3f45,0
9a62a2cc,1
231fadd0,1
f890cc62,0
6ac5eb8d,1
2d89ebf8,0
365d70d2,1
400de3d2,0
9f7ad958,1
287e19f8,0
16c0f215,1
3fefa1f3,1
c5ef001f,1
ddfcc6b1,1
dd844bf3,1
892013d2,0
cde05d3e,1
992a9418,1
53fcfcec,0
9f8d1ff8,1
d75a080c,0
56caf0de,1
a55b7d16,1
fa9492ce,0
144c9f99,1
dcc94dd6,1
f58fb670,1
78241e5f,1
a6c9326c,1
6c791d8f,1
45bff101,1
82b0e16b,1
16826224,1
66d22c69,0
2aa7cc01,1
de847081,1
aeb4a10b,0
c72a3058,1
1c778daa,1
93eeaae1,0
e69e7680,1
97591ef3,0
2eb5ca8f,0
b987621c,1
6cd16cdd,1
edfc7b50,1
1f2cd5e5,1
63328484,1
45faaa16,1
909e1a51,1
e3aa7e37,1
573e4bb0,0
a0f1e6dd,0
bedb4150,1
8dffc2fd,0
f9a2b3fd,1
556ca1d0,1
d9886e3b,0
d02a09c2,0
79c32b2b,0
bfe30556,1
c4fa8451,0
3da2b0ec,1
b27fb3bc,0
c549db7d,1
81375d18,1
cc0a4c2d,1
218d6ec1,0
ce62ef9d,1
99ecb476,0
e43e8110,0
17e5eea0,1
f991c964,1
fe4d781b,1
39173920,0
266a909a,1
832554fe,1
c7597eb8,1
65664217,1
33a6ea60,0
090a04aa,1
86e094f5,0
4d812943,1
a2e1a8d8,1
30af74a7,1
aadff1eb,1
dd9d9a21,1
80535e15,1
562addc3,1
ccc5fdf6,1
6c08394b,1
3611d417,0
2730a9a7,1
87ee6f50,0
41b1d556,1
8cbd0464,1
115ede88,0
32a4759e,1
3e45b0e4,0
66293730,1
89ac5690,1
be0ec8fe,1
f43c7c78,0
ae762a56,1
778b0270,0
8d36092f,1
0e064722,1
9563d4c7,1
733cf593,1
0abd69a7,1
bb38c4e8,1
8b2eac97,1
aec852c9,0
cd6b92a4,1
538a4d38,0
7989134c,1
1fc98713,0
95965fcb,1
a567dd8c,1
5efe35c5,1
33067406,1
313d8e57,1
1c36c858,0
c19ab1e6,1
c4947b2a,1
b3f66953,1
8bdd8496,0
4febdca3,0
8a41ed62,0
d6b6ca61,1
52ced630,1
43a9c683,1
d623e6f9,0
fb7cd74b,0
11c4764d,0
f5f1a311,1
3cd6dd28,0
c155dcb6,0
14e09953,0
24efa36c,1
a2cfe931,0
e3aaf250,1
bd60424c,1
78c39702,1
cd25f264,0
4dd2926a,0
6c34da5f,0
39e598b2,0
714d7c54,0
8986351c,1
782b40b0,1
f5ed3e6c,1
d40b09f6,1
9e5a9cc1,0
2d662772,1
fc226b34,0
b8e9f1c4,0
21e607e2,0
66414b26,1
db5ed1b8,1
d0306d5b,1
819c8178,1
8d0aee2d,1
1f9a7268,1
5d58ad56,0
773b5537,1
e576235c,1
3c62de40,1
a163f4a8,0
f1198dd7,0
4e9b3d7c,1
f9e02c64,0
d93d85fe,1
edd6cae5,0
aa764494,0
2b02decd,0
272558c0,1
462e6cb3,0
9d74f2ca,1
93085817,0
0b5fadf3,0
55499544,1
626cc2e8,0
5c3ca9ed,1
053e4112,1
515ac894,0
94802178,1
59ca07ec,0
1c9dcd7f,0
d1e5eb89,0
4de90ad9,1
1f8d1267,0
8d580e34,1
8bf70c95,1
cc8decf1,1
3ce3d733,1
b6c604da,0
5330879e,0
bc495c69,0
b252cfd1,1
154c1ec1,1
9debef36,1
b85f0ca9,1
9457c74d,0
154bd54f,0
0e1530d8,1
fd083ad5,1
fe8ad320,0
4e9ed740,0
aaabf68d,1
d96b736e,0
c59701d9,0
2eab1c5c,0
88598e79,0
152266ae,1
906ffcd2,1
d7e148f6,0
d8235f63,1
80985fd7,0
8dac29ff,1
cc4890f3,1
7373120e,1
6b420c6d,0
54cd85c6,1
8617be1b,1
0df9818b,0
ab86845f,1
661a8547,1
4bd5eb35,0
eb9e1acc,1
4d47b782,0
b020f20a,1
e7fd2f29,1
a6d7f281,1
45b7ed4e,0
4d8d8b6a,1
5dc7c9d7,0
bfdaf170,1
e3227465,1
fb1dd7a3,1
2902b6c5,0
9e4acf9b,1
ad2a0a07,1
9cb2eca6,0
34492ffb,1
9c1b12f6,0
75c2fec3,1
03837b79,1
5f99f309,0
39db1f79,1
80cebd47,0
00542824,1
ac2c2895,1
c3cc385e,1
fbffa21a,1
af8e517a,1
cfadc57d,0
6338f274,1
4ad5e9f0,0
40677f7e,1
c8588213,1
0e8aaa90,1
b0367c51,0
d924c6ed,1
a1c2cb84,0
84626a3a,1
f9be4a75,1
35f72122,1
77f6f281,0
d15d08e2,1
82062544,0
1843568d,1
9bb8bdd7,1
ae352427,1
28305102,1
4cd036db,0
947a62fb,0
39f9fcf2,0
5b2f2ba2,1
06d8a692,1
90c8c866,1
0df3930f,1
74e81de3,1
c85e200c,1
2bfd17e2,1
8c49a5b7,0
39b4449c,1
a09113e1,0
37e20120,1
87d94d1b,1
f445739a,1
b0cdd6c9,0
68bd764b,1
f778d9de,0
4e7028bd,0
e9f34395,1
12fd028a,1
b05c4f0e,1
99bbe8c0,1
5c7d5d65,0
10494057,0
765947ac,0
de7e6694,1
e2270219,0
1a9a474a,1
374c9fe6,0
621b4004,1
51c35fd3,1
4e66ddc9,1
98275520,1
b8ba032a,1
f23bdc03,0
7bac1d08,1
f05fbe5f,0
498d8af7,1
b904a480,0
b0864319,1
f68d5476,1
04949a2d,1
d02326e2,0
f073da33,0
ed33d36c,1
a58f05fe,0
e93ff864,0
1330f3ec,1
4d40ffc8,1
8714e372,0
dd05aede,0
a0045380,1
de900bd1,1
01a44dd8,1
2da9a39c,1
27700711,1
d45e9db6,1
e93ede94,1
8d55c5a6,1
11ac04bd,1
54bcbc00,0
ed3ef765,1
e3dae722,1
b56a211b,0
b461a266,1
990c1d71,1
58d5fb24,1
381c501e,1
32011581,1
7f85613e,0
b83ae744,1
24606622,0
58dac16e,1
9d696937,0
d8a56fee,0
276d5f72,1
e7f63d52,1
a3b65474,1
671f3e01,1
f5c80ee9,1
166f2f46,1
e8862863,1
8f8773f1,1
645ef530,0
34e0ceed,1
c2b7aa44,0
63e61f7c,1
8fddc17d,0
30709b83,1
24c7e642,1
298edf18,1
0a469f82,0
183410b6,1
4b9aa4c5,0
8f6f6c6f,1
991d4bc8,0
798dbc60,0
31583adc,0
8c28dc2f,0
f9a5c415,0
24ada6cf,1
24a8a082,0
53c0c279,1
5ecfcf04,1
2ae001a0,1
f0da2fca,1
d7eb0174,1
efb61a51,0
d80b32aa,1
7a33a699,0
fff77564,1
7821b06d,1
16e76c49,0
23db9196,1
6dc30368,0
7a3aaa78,1
075e95ec,0
32c64a02,0
12cc39bd,1
9cbe23d1,1
27895931,1
ef0e9b5a,1
b0948d69,1
886f0c7b,1
ea9ad720,0
26d892b8,1
70ad8b2b,0
65d5721a,1
1754e3f0,0
0ce3a143,1
71fe37b6,1
351247c2,0
3e0af8d5,1
a44ce343,1
96f59857,0
2855ae74,1
7043bdf8,0
df2a3e49,0
7dcbb4ce,0
00f9885f,1
81110506,0
5f697b8d,1
42d1108d,1
32eb2a0f,0
d2486f06,0
f6ea1450,1
81f719be,1
66756e63,0
2835d46a,0
1fb76118,0
8e64e263,1
52f94609,1
334367e5,1
0be0874c,1
05f29386,1
b6132b68,1
0bff23f0,1
514ab474,0
5356f45d,1
0a043578,1
19108fa4,0
61748b60,0
71007896,0
0a860bd6,1
7e9b70a7,0
0b027d59,0
af208205,1
d769f8e2,1
f9871582,0
8af61652,1
262a62c0,1
4732fea1,0
822839fa,1
14ffc301,0
41393213,1
3c46d0d6,1
352437fa,0
2c3d7429,0
ed1ddc07,1
e7e522fc,1
891bb483,0
23827390,0
8df4bac4,0
abbdd240,0
8e401749,0
9ca72e7b,1
cbc22150,0
03a6a81f,1
e4045607,1
61196555,0
a8c923e6,0
6f425077,1
5606343b,1
bf9c1566,0
bf558d13,1
17a3f55d,1
379871d3,0
f74d7ba5,1
f29e6434,0
43bc5132,0
1fddb985,1
9d0e86d9,0
3df4743a,0
42ea0f81,1
d90b6e19,1
2ef2318e,0
eea8f5ac,1
cc9c4fef,0
5ef98068,0
d340a034,0
211c1be0,0
67497c56,0
d1421f97,1
b8ca9544,0
02cabf20,1
369bf8af,1
6bca3db0,1
19c646e7,1
de2c682b,1
ad0bdcbd,0
20ceb35f,0
24b1e229,1
e8464815,0
2a74a251,0
8a581e96,0
74ee7c5e,1
840fe112,1
ea0191a9,1
31db6283,1
34daafee,0
b571e767,1
412ff05f,1
e03d0755,0
ffba6480,0
1c5aaa67,0
ed5d755a,0
b57d5450,0
95e7cd7a,1
a33b9809,1
a4c9326a,1
f41c5831,1
eab34fc2,1
3e62332d,1
3327c71c,0
c86b6687,1
191e9303,0
b724c9a0,1
1e74df9c,1
298cb369,1
c37dcd95,1
5d5e336f,0
3046e2c3,1
ef790cae,1
8774a842,1
81343dfa,1
6c3a8033,0
3a9fb87d,1
33977f61,1
453b1db4,0
fbccb3e6,1
e4ae4e41,0
b90c4398,0
774dceca,0
16a5f3c9,1
9de73f23,1
8311558e,1
f6b5b177,0
009cb34f,0
7f82fcba,0
47928bbc,0
112fdc7c,0
41a917cf,1
d561c04c,1
fd925146,0
c0805ed9,1
95c27c12,0
565dbedb,0
1f02291b,0
7453d2a7,1
cd85e12b,1
be814982,0
ac7c9235,0
dec94e06,0
83bdcda0,1
98a074b3,1
538ac300,0
9ae87b55,1
59a62300,0
287a8943,0
db2e4e9b,1
0c93b27b,1
628678d8,1
bee8e91c,0
f6536099,1
c4cca51e,0
e3db1cde,0
fc70dace,0
858fd565,1
77ac02a8,1
538cac65,1
2051a682,1
aeee0d00,1
73b4e78d,1
127f83dd,1
6c8a1298,0
5e5b20b1,0
0de62b6c,1
24ff871d,1
f22485ec,1
d0d30a0a,1
f9b8b99f,1
99925c55,0
9f5f1623,0
9bab2889,0
3ac2025f,1
28df2d9e,1
32eb673c,1
e296bd46,1
0d59b9da,1
e3656548,0
4b10a092,0
762d26ee,1
b0cd2ed9,1
df0b66ce,0
982c66f4,1
d8712305,1
2a0d26e0,1
db6ea613,1
2875473a,1
effed393,1
3d000dbb,1
512b4c6d,0
141dc189,0
e28e1216,0
5c105b53,1
e6e579dc,0
bccfb384,0
c4bc31ca,0
d1ae0513,1
5dac33bf,1
ff0545c6,1
1a8da801,0
bf129243,0
0ed9444a,0
a25dae68,1
09284b81,1
295e8d17,1
83cebb00,1
b32f8dc8,0
5d9f89f9,1
da688a85,0
ecfd8ef9,0
eceb4a58,1
f6749448,1
17272530,0
3a58c2c2,1
1bd5dbd7,1
e34504e3,0
b40690fb,0
339e4d8a,1
3a2ca55e,1
1c9ac643,1
154212bf,0
a1b9d313,0
44e13908,1
aeec1bd7,1
543adf46,1
6797a5f9,1
fa23951f,0
7721c077,1
529a3089,0
7850575a,1
5c5426a6,0
5533187f,0
0f5bfb6f,1
2c5ec3d7,1
f806dc80,0
6fc96c7c,0
486085ce,0
ac1f8e6d,1
4067e173,0
8db7f585,1
1d1ab097,1
16b614d5,1
f28c55e8,1
27e2afb0,1
41989438,1
921d00ff,1
b50303bf,1
85fc8008,1
ccf47f6e,0
4f9a7159,0
31e348bf,1
a7f55070,0
6f88c408,1
bcf906f8,0
d609f4f1,0
b1cf9cb2,1
2ad9fec5,0
758a0fc0,0
eef2452d,0
e22d581a,1
bb7fe55e,1
f2f7c44b,1
8cd2fb0a,1
fe5461c2,0
4836e116,1
869f5e51,0
9be0a523,1
2367b875,0
801522dd,0
5521b864,0
91484179,0
38a3daf9,0
4c1a91bc,1
8fb29913,1
a971ccb4,1
df609d5f,1
077e967e,0
eb13f6ee,0
7953efef,1
b2e50b39,1
de48fdef,1
0632b82b,1
35722893,0
6c1a60db,1
4e4d3cf0,0
923cb981,0
2d1cfcad,0
1703c088,0
b3c7f620,1
3d2b55a2,0
33628315,0
e3013f31,1
8341a418,0
75f823d1,1
0e2d22cc,1
4a859364,1
8a221ede,0
4825974b,1
0ed2d9fb,1
6bc82eb2,0
be05f875,0
a5f5db92,1
40f42c04,1
fa27fb06,0
bcd4f1e4,1
c924a696,1
7e0185e3,0
92291caf,0
6f20bfc8,1
88c14f67,0
9af45783,1
c2a6ebb9,1
981e50c0,1
5ce88856,0
f2410c03,0
ea42ab29,1
1048dd59,1
98078f3d,0
c8398c92,1
e07c9af3,0
72bafd69,1
46e7dd9a,0
74abc649,0
8753e164,0
963feedf,1
6b376828,1
753f66cc,0
8266d91f,1
1c377b94,0
4327ee74,0
9f0d8165,0
3d1d9227,0
8408f127,1
9a5b3da6,1
d2046e59,0
0706d45e,1
03c932bb,0
102cc533,0
6e693b55,0
8dbd015b,0
6f4d1771,1
5e57e158,0
98c71a75,0
92191805,0
ece624e9,1
28bad78a,1
645c9b09,1
2c125029,1
eb74572e,0
8544a2da,1
57ce91ca,0
1b7a9ee1,1
ba190d34,1
a6b4dd79,0
4bbad07c,1
23745fb4,0
e563bd67,1
41291b05,1
31c09e0a,1
9d75d5b4,0
744b7d82,1
dc12b11b,1
523daa21,0
76524a33,1
d277d9e5,1
1a472f8c,1
ddec3b65,1
514b742a,1
f9457c40,0
e848f31c,1
fbab68cc,1
4d51406b,1
8ca84d02,1
4584f13d,1
56e01410,1
d84d6a66,1
c018e51d,1
18f79023,1
ac17ded4,1
86495291,0
3a1e6edc,0
04ae316c,1
55b72f88,1
9edf0874,1
de7eb7b0,1
8fd16b45,1
de17a92d,0
4f51dde2,0
db88e2da,0
033bf9cc,1
2c90e088,0
b25710d6,1
0c8745a1,1
ec09233c,1
a32fa735,0
8921684e,1
3850bd24,1
ba94b662,0
51947437,0
48ef9920,1
80f839bd,0
d52181a5,0
a07b801c,1
ee59f0b7,1
e93abe2c,1
5c38e92c,1
2f426cd3,0
fa8081fa,0
cead086a,0
e31a4505,1
366668dd,0
a4f0d913,0
38209683,1
85858e46,1
38e9bbc7,1
2331ad83,0
86fb5c2c,0
40a5ad4c,0
dd257f72,1
1346d6f3,1
bdaa3500,0
68bc8f81,1
b3be1080,1
042addb1,0
a3b21b81,1
8507aa1b,0
49e04ac3,1
9373b2b5,1
793cdf75,0
3c8b861c,1
a2a949fd,1
240d0de9,1
cd6587f9,1
2919a291,0
0c731f98,0
0cde1ea2,0
2ba68887,1
c48bcc28,1
06f67e54,0
d0eea3d7,1
91c2cbdc,1
f8824e71,0
da201a69,1
b1763bba,1
3defbdf2,1
03375173,1
34e938ae,1
cddb4fd1,1
dfc02239,1
09c8b4bb,1
78e3bc48,0
3d9d5d0a,1
75777e5e,0
874e0674,1
a2c271b7,0
fcda7b52,1
9b1141bc,1
ef783f5e,0
1ec056d9,1
21848a3c,1
2fbd6d72,0
81b69ec9,1
b07684d1,0
da10a121,1
c8c862ad,1
c6255c3d,1
7f7f6e92,1
ed77ef56,0
617a4212,0
4625acb2,0
fbc4c5a6,1
3e396833,0
07d44170,0
20ea26b2,0
75111b42,1
db0571af,1
09db79ee,0
6f32e885,0
d3b661d1,0
997e1935,0
1daa6fa5,1
f9928d0a,1
422bf7a9,1
4bf4444c,1
ef688a95,1
3d4a5aa5,0
ccb301e6,1
2c4f7049,1
fe465269,0
28a3410a,0
ab03609f,0
bb00cc2c,1
bea698d4,1
4bb3b85f,1
81bad45c,0
38160980,1
aeacbdfe,1
90170a4b,1
98bb2653,1
aaf748d5,1
8e66457a,1
dd02276a,1
122d40e0,1
c8bf55da,1
fa1adbf1,0
7aa69166,1
dd7bd19f,1
6328108a,0
1e8a608e,1
8b86dd56,1
69a787ad,1
1d3146f4,1
81730562,0
8a35f5c2,1
61ab72d3,0
044a7406,0
fc3151cd,0
f36504ee,0
ba683156,1
542117da,0
5a162a7f,1
025b5b6f,0
bde54a2d,0
adeec0c5,1
3c4926bd,1
15c1df8c,1
b82b4ac1,0
3a5b4e9b,0
585ed630,0
dd278a47,1
60480549,1
624c9940,0
13e9b91f,1
7568291c,1
88163388,1
b971a89f,0
e3d4231f,1
e819a47d,0
b2c53a73,0
283d644f,1
ebf7ad18,1
60d87a61,1
85d48d3e,1
26c99563,1
96a7db8b,1
2fb2bf43,0
ab7b57bf,1
d9b5b9a6,1
ed105429,0
a4d07f1f,1
f4d0acf0,1
82ee82c5,1
fe1a25fa,1
168ea5f9,1
ca4a4220,0
51afbf15,1
6fe1cb35,1
325a74c2,1
f5542416,1
f616137e,0
41efe2bf,1
93dc88d3,1
8c9405a3,0
045279bf,0
b57b83cc,1
4191b0c5,0
5c431a6c,1
e24eaa9c,1
3b7cede2,1
4c88cea7,0
735123bb,1
e0863e49,0
17337a3c,0
cdf6bf13,0
9cb5ffb6,1
991e8928,1
4ec88382,1
1135316a,0
a9c4017c,1
3eb009f8,0
41c8f59d,1
bd08f301,1
2dea3c10,0
21df9aa8,0
4fb98066,0
88278d00,1
b91fc4f6,0
a81801a7,1
a7011888,0
20797ee0,1
156de434,1
e3fa79e1,1
673d05f9,1
6f1a2bea,1
0722529a,1
9a36ea20,1
82ba8e45,0
e5071475,1
3982603e,1
315f79dd,1
38966c15,0
6fc77029,0
6bbfb792,1
c1f9de1c,0
0448f16d,1
9c0887bc,0
99876723,1
e9977f35,0
05990fe8,1
6da49be1,1
42968946,1
8bac146d,1
52be3878,1
b5d334a2,0
cd54eab7,0
70e17a00,1
76da2e09,1
1018fafd,1
a6f86664,1
0925e0f3,1
c0cd8ad3,1
08eeb467,1
d342c127,0
a31b063f,1
838e443b,0
00ffd537,1
ea8ac8e3,0
5739c2ed,0
1827f4a9,1
559d3e5e,1
a6a2f417,0
98506661,0
54762b78,1
b34b9b95,0
1295f069,0
5931c596,1
aa62d2b2,0
3c467ef0,1
d7b396c0,1
00fd8535,1
6d922625,0
1f749690,1
5c2c30dc,1
4bcebbbd,1
9b4af647,1
35819270,1
aba22784,0
d1ecb44b,1
47f97476,1
958f8945,1
bb83e011,1
32549da9,0
812f352b,0
a1a7da5e,1
40dd9e4f,1
f6911b40,1
ba21fc44,1
2cd3d75b,0
76b1a062,1
a328f94d,0
6ddcf135,1
f085c2b8,0
4c0c92f2,1
2f32716f,1
f543f25e,0
5e079fbc,1
8d2dcf2c,0
e92e43a1,0
ff31a7eb,1
a25a9ed4,0
650adcd4,1
3fad366d,1
fcf7b45e,1
024a495f,0
ce7b4316,0
aea93ae2,1
56de208d,1
cf605bb4,0
5e8d0b1a,1
58c92118,1
178e3900,1
05ace38d,0
70ca10e9,1
2905e883,0
ed28066c,1
a41c4e66,1
ae6960d4,0
077abf82,1
d5ae91b7,0
15d542ec,1
54d6c134,0
b20b3b2c,1
5d0fb3ca,0
26c5b453,0
9a4a0720,0
a82f0e68,1
13c555da,0
535c04c0,1
4afa3311,0
187a71e9,1
fc668335,1
699e6228,1
d81d6a6b,1
2d0e8dfe,1
2e9f7689,1
92d9b192,1
0350f9c9,1
dab6ef2f,1
971c0e2d,1
85ff72c1,1
6e0dedfb,1
719ecd9f,0
1f84ad32,1
8beb23a3,1
6b6cda4e,0
7813a178,0
f6d8c596,1
ad72e7cc,0
36f10464,0
b5bbe5c1,0
93616adf,1
426dc3c3,1
b4a715af,1
7147e6ce,1
6824d568,1
ef70ca77,1
1d6a39d1,0
d72e194e,0
dead08da,1
fd8b350e,1
1dd36292,1
9f9360cd,1
405a0743,1
a5b8617f,1
45b17db1,0
0813f8c6,1
d0cfb33f,1
6f32bdde,0
24ce1fe1,0
1bb6edbf,0
da191058,1
4ff53c75,0
e842f5fa,1
69e2364a,1
15235cc1,1
d345c4c6,1
b18a8a69,1
3fd9206e,0
2ed7a5fe,0
70fe9ca4,1
13565498,1
ddc3fa9f,1
e491a6e7,1
5b2c46a2,0
13d2e078,1
f760d407,1
e8326cfe,0
7cd3b62b,1
1969a59d,1
9c523426,0
18c64bfe,0
49468b7f,1
7c96ac36,0
d5d5f209,0
7244e8c2,1
1c886329,1
0279acd6,0
39194f5b,1
ab792a35,1
3be44370,1
215e6c06,1
838fffb0,1
ccf5f427,1
5952b07f,0
042f7e39,0
72b0a22b,1
0f6e119b,0
7572f0f4,1
8dc03a14,1
a6acf575,0
3eac5d7d,0
ae5b5c79,1
7662252a,1
da217416,1
e606610f,1
00a92ec1,0
d123323e,0
b0f07395,0
e91a8ce8,1
66be052e,1
03eec7af,0
f58ff82f,0
0ce8152a,1
436a6ee7,0
7d79cc0d,1
b4d31d23,0
ed22dcf0,0
0185ee37,1
9825dad4,0
4caff066,1
7656d0d0,0
13679a89,1
e199f1f8,1
499deede,1
60e363bb,1
04b1fd61,1
b44e4dc6,0
40480e3c,1
55886517,1
3040470f,1
f8d6ce56,1
d2631ea8,1
e4791291,1
c7af3aa5,1
601fd48a,0
3e8201a7,1
4ffa7e0f,1
e33d32a7,0
31652052,1
f56f7656,1
b8ecb76c,1
f4373ff7,1
764dd46b,1
903031d0,0
33a3c7f6,0
6f7fccbd,1
c747068b,1
ba6855c5,0
33d07116,0
13e9917a,1
cfc7bdff,0
c2a4e518,1
36c863a4,0
6480ab5e,0
a4e2734d,0
8b586a81,0
37230b91,1
574ddc67,0
c0e7b7b1,1
8a452c3d,1
93ae27e1,0
f6768984,0
3f858462,1
253af8b2,1
45432f00,0
092e93de,0
7796b464,0
36c1c451,1
a0ce9d08,1
18d6f180,1
8bdc40d3,1
c0c11fcb,0
548712f7,1
721b0e56,0
c4ad51c9,0
d28cb1f5,1
44ecd438,1
560f1c45,0
ace3a687,0
5310892a,0
490b57dc,0
1495f48a,1
9ae90aa2,1
a4c33fab,1
3ff9a8be,0
910821da,1
5e111abb,1
cb484c45,0
a84be26f,1
da2ef14c,1
58d12303,0
f7ddebe5,1
06bbafe1,1
b22f653a,1
bb9ba9df,1
77106abe,0
1a45267c,1
5bf0841d,0
347f0648,0
00f507bd,0
bdd65567,1
34c9762e,1
44a11305,1
61836ff8,0
5044036a,1
f499c99e,1
53f3b469,1
d87c69f7,1
b4bf25ff,0
d6fbc09f,1
99ef4e08,1
c654cb23,0
ad288689,1
1dbe6f7f,1
a6ab3848,1
187ed035,1
c1f2b3d6,1
9a26b2a1,1
0587305b,1
4a1ca51c,0
393d3aad,0
fa326385,1
9a5ac32a,1
7171a384,1
9bce9cc1,1
07df58fe,0
85f88844,0
c2ab1469,1
c2ea4640,1
d3b46696,1
a301c996,0
96344963,1
ada29cc3,0
f30d5da9,1
c39c54c3,0
ea3ca210,0
0cb04575,1
df6b39bc,0
1ebb953c,0
fc200771,0
ee7cac78,0
84fcd18d,1
6b9c126a,1
2dd504d7,1
1939249d,1
ecd89451,1
37245434,1
a865b40f,0
414ba410,1
53a74a6b,1
5d625ee7,1
e999e44f,1
3c812cad,1
10420d24,0
6d8e55ec,0
101697e2,0
c7db370f,1
0159d0d2,0
b79de3a1,1
fd1906b4,1
a7c30476,1
c71c214c,1
329a920c,1
7151931a,0
d65cfc2c,1
60e99a70,0
0db30533,1
f451a7c3,1
276d1013,0
2b470d79,1
022bf32e,1
a619ddec,0
d5dd7725,0
8349d9a1,0
602d9be8,1
cfdf57f2,0
d10e56a1,0
33ce9b25,1
87e2fc5a,1
be11c460,1
6720afaf,1
a21dd315,1
5c1fcc43,1
fde0f878,1
1954f898,0
0620faf4,1
21f8c79f,0
8fd85fa7,1
a4f38c9e,0
d6094cc0,1
82a79fd3,1
1f189089,1
3ebdbc01,1
eb2f9bbd,0
c35939cf,1
30fa6361,1
af7b68a7,1
07bf29e1,1
edee2b75,1
0d78044a,1
6a480cdc,1
f01ea09e,1
2c21bd36,1
482407bf,0
d31f25f3,1
ae81adc1,1
196dc6ff,1
ee982429,1
2e211931,1
5c3994ec,1
86251695,1
f94f31b7,0
2ce05503,1
99603d05,1
51214b7a,0
770e1a3f,1
7d60b78c,1
c331d413,1
d8ba05b1,0
6a7e02b9,1
c8a2c61e,1
8977b7d2,1
31dd4731,1
ae67ed08,1
daa5c21d,0
42c59d6a,0
66940d2f,1
d1ab883f,1
30f69e66,1
35dc2fa8,1
95d5620a,1
f476c362,1
37356fd3,1
8b016790,1
e22cc599,0
ddc318e3,1
d2ede6e7,0
ca986a62,1
85cedf12,0
006655ad,1
589d1f8b,0
d65cd207,0
84a51b2a,1
1f556052,0
7f9f3f26,1
f1cb2169,1
5fdb7edd,1
47906d73,0
56de935c,0
0418705e,1
9a1f69b2,1
2a95b056,1
fd950286,1
87dddc4d,1
751f5682,1
a6208877,0
26a49b94,1
dfe78561,1
cf37dc90,1
1cdc9fb7,0
cd1a13cb,1
aaee25d1,1
4462aabb,0
d47ba10c,1
5e79a476,0
aaad61d8,0
0dd8474f,1
5fd9cb5e,0
5c23d503,0
97ac33c1,1
e944eb0c,1
31c2fea7,1
916927c7,1
37fdc86b,1
460c7ce6,0
c23c235d,1
5fb39808,0
08f77f45,1
b33ce5df,0
dae44dab,0
0a933147,1
e103cde7,0
54d6a695,0
1c059c07,0
7ab133a0,1
fbe7ef91,1
b664f8cd,1
0d9883e6,0
8e9b65eb,1
0cffd12c,1
28b81b98,0
db881b67,1
d68e6594,1
e8d8b694,1
93fefdb6,0
f368ba9e,1
fdb688d4,0
c8e48bf2,1
80489dd4,1
7daf3279,1
631576c2,0
5f31a973,1
e62a6db4,1
e773aac4,0
c6eaaf44,0
4cbdfeed,0
baa3cfd8,1
0454415d,0
2ad227be,1
97acfa34,1
06df195b,1
01e7c147,1
52233217,1
49af2bd6,1
a327d461,1
75407d17,1
438b12ce,1
645ae5b9,0
9a18bb79,0
6246f2eb,1
ac7abe28,0
ded88989,0
5bd60298,1
a86c009d,1
5a909ed7,1
498b1d70,1
ff554306,0
e75c268f,1
c2b6ea9a,1
4fed39ac,0
b160de23,1
7bc94a10,1
557fa940,0
7330ebec,1
cbdc8684,0
571718b0,1
6fa1201a,0
92c45fd4,0
b05ac09e,0
e31213cb,1
6d83f1fa,1
b8be9081,0
ceb1015b,1
1a9d07af,1
5730593b,1
d0e0769a,0
ef4cd33f,1
a9f0bfce,1
6eb6db7a,1
27a55cca,1
1731c7e2,1
410b8b48,1
e3f1fb8a,1
d056afb4,1
908ea05d,0
16641e2f,1
36799b97,0
b39b75a0,0
ad0f9d80,1
c850637f,0
d1db3550,0
5618e33d,0
952fc28d,1
f084666d,0
9a323fae,1
487a491f,1
6fc37a92,1
c9035805,1
b07ff3e5,1
1e143cc7,1
d7728546,1
4465c81d,0
0e6a9039,1
8dd53ecd,0
2cc9754c,0
cfb33ebc,0
901e501d,1
7974f9e0,0
0295402f,0
779813c8,0
5414d6db,0
d7685413,0
eed136ee,0
124fdd55,1
eb89dd1b,1
b30e0f1c,1
c88b183c,1
fd445fec,1
cd7c6b72,0
1de8b629,1
9c1fdb19,0
57aaf462,1
92a82791,0
ad1731d6,0
370d546b,1
afd2650e,0
36a63721,1
f585c733,0
dcfeeb9e,1
b7ff5c4e,0
c6f5de01,0
c04debb4,1
116042a7,0
af5a6b11,0
b4abfb3c,0
590ab851,1
b64a4e77,0
a556844f,0
0d95ae93,1
41fe554e,1
cd53f478,1
5179da5f,1
6bb0fe6f,1
6220c437,0
0dbd653f,0
568cb045,1
d995009c,0
642b385e,0
71d3a632,1
5bea14c0,1
f93f71f6,1
358d1a3d,0
c5ccb9c3,0
e50a21b3,1
1ef6093b,1
39fe7551,1
7adb6654,0
f81d65ef,0
3efe5b77,1
3b808011,0
5548a310,1
27ecac74,0
1f919bdb,1
5e2a9fba,0
1af71c10,1
cfe8292a,0
13de6cfb,1
8527a008,1
ea2cb748,1
59c8e628,1
cb0dabd7,1
252a1428,1
748f6818,1
c1f6d798,0
c3f00499,0
9c6f118a,0
45929da8,0
898c7fae,0
f3c80771,1
9f509f53,0
b75abd48,1
4c1f8eb5,1
89479dfe,0
b1adf547,0
491a33c5,0
63d74209,0
8deb9e54,0
cdbe2d82,1
873746c9,1
0ea15ae1,0
0d8a4416,1
ea5a4ca0,0
553e3ccf,0
a7c42516,0
01c8626d,1
eaa5ea1d,0
3354b404,0
7efd3943,1
5f7c2889,0
46f4795b,1
826b68f8,1
0da0f8df,0
2be03067,0
d1aae77d,0
dc54cd9a,1
ed79b9e0,0
7d7f28dd,1
c7e3b605,0
719c3118,1
0330fabd,0
153df8b5,0
ea31b4aa,0
f49efe9e,1
6e8f3231,0
9ddbdd18,1
ce8d5993,1
78694b5f,1
7ce53b17,1
d34692a1,1
09eaf589,1
20ddda4e,1
f9367691,0
a3ab9675,1
4b6cf474,0
e5325727,1
1d852abb,0
9a04831a,1
3d649a62,1
6eea5452,0
00ab0e79,0
c4995f6c,1
fe4f35f6,0
ae0cb17c,0
b5c0a8d7,0
5c75f79a,1
4654adb2,1
a6e5f7c3,1
701e01ee,1
ae085d31,1
790b0373,1
db5503c7,1
70a0b79b,0
8a4b1ef4,1
7a191e5d,1
39b8a344,0
663d4614,0
34a34c98,0
e3268863,0
9acfcfb2,1
be75a9d3,0
33a10250,0
df6f0a1a,1
b22b41ca,0
63b0417f,1
ef196ca5,0
463a3c12,1
a885722a,0
c9dc1dde,1
3be23f0a,0
23b0f6ec,1
28a51df8,0
fd3754db,1
61bdc71e,0
451e0c96,0
8a5bea3c,1
c3d4cf89,1
fd483d0d,1
2cef6ea0,1
eed2553d,0
714eb501,1
727f3c8e,1
8a2fc1b0,1
8bb8d22a,1
c5bccab8,1
9d57016d,1
9a1e1baf,1
4cc99c33,1
bc7d09a9,0
e1ac06d9,0
4807b1dc,1
2159db5e,1
3498032d,0
7ff96546,0
299fc11b,0
117e4c8e,1
d889af5c,1
e7ff258e,1
5ecd7e86,1
56218bd8,1
5c31b278,0
407c36e4,1
4f80c5ae,1
e12e79cb,0
c22b661b,1
7c257605,1
93b9022a,1
db545946,0
9c5e940f,0
e8691b08,1
21d489cb,1
2a2fa136,1
6893773f,1
42e404bd,1
5119d0e5,1
c12ddc47,1
1bda7c0c,0
2b889b52,0
b633f63c,0
530b4d14,1
62e4d584,1
23ff149e,1
314c8817,0
7db9764e,1
870447f4,0
b2a90145,1
42c6fcc4,0
357da83c,0
38f74628,1
d346540f,0
7251aa80,0
33db85f5,1
7d1ce92c,1
b28d6544,1
f05d5127,1
3dbe3fef,1
a1e755a3,0
e11b2444,1
31f4983a,1
7fec7850,1
9a9cfb7d,1
32dd3a45,0
e4932a0a,1
55e23db6,1
5f758ce7,1
69636010,0
91279e7e,0
5aa61a27,1
574f3570,1
b640d965,1
302c0f47,1
9abb92b8,0
6a20a8dc,0
5bf1e37d,0
235e5d8a,0
480d9ca9,1
5ec8536d,1
189e5ff2,1
4a551183,0
cd0a7daf,0
b80eef24,0
56384aab,0
e9ad093c,1
e032248f,0
035dac20,1
2efde225,0
2f503829,1
78da45b3,1
6eb2c666,0
6b6b2143,0
d1b0961f,1
b7641d99,0
2f09646b,1
bf903ec8,0
b9451857,1
85c0e746,1
2c65c944,0
8df24b53,1
946f585d,1
4d187d1c,1
8f59b824,1
53e6e6a7,0
1e556a33,0
033cd958,1
9642e0f2,1
5fac2f22,1
3f90cff0,1
8ddfa6a7,0
318d0cba,1
9c6435e1,1
5d1c2a9f,1
9e5194fe,1
974040d9,0
37a38dd4,1
b16cd8f7,1
3e926bdb,1
75adce8a,1
d434b20e,1
dd981ea6,0
112e5ba0,0
bdefeba8,1
0807f91f,0
b0319480,1
f19c8091,1
ec6ffd97,1
59ed8944,1
8b0621d7,1
6c196c47,0
19b716fd,0
43d74816,0
b6633e9b,1
7f40acf3,1
233b4e97,0
e0349ba4,1
23e35590,0
0b0ef5fb,1
cb777c92,0
c564c06e,1
9676651f,0
c3fe7e8e,0
c1f86afb,1
be746f27,0
5ff26dac,1
502d8486,1
ffd11140,1
ec91a927,1
e95c3bf7,1
a323db92,0
440673b9,0
636199c1,1
5501052e,1
2a16a4ca,0
81545a1a,1
aafab85f,0
8af5c7c2,1
0355bafc,1
4dbfa214,0
d77dc55a,1
9f2055af,1
f0d55d48,0
90763668,0
4a8ceead,0
ed9d45bc,1
3572acc8,0
b15f2208,1
fdde402f,0
18159361,0
063a823d,0
2822a402,0
57f97b1b,1
85569d1e,0
2fa26d7c,0
9ae6662b,0
6664c6f3,1
f1d5f4cd,1
a0527366,0
bf395c98,1
cd40f817,1
f50e51a2,0
6bf53445,0
d19cf897,0
fa32c209,1
754c0dc3,1
cc3b820d,1
775bb37d,1
4f00728d,1
64f40f4f,0
a74ed0b1,0
30e5a007,1
30a14ca5,1
b09d9462,0
576d49c1,0
4a73a2e4,1
0ccf1580,0
9ef1cba6,1
91067ddf,1
fb4df4ec,1
4cc6ca45,0
54f6a8d4,0
2ab19f40,1
0f71601c,1
36c4c51c,1
438facae,1
8b2cfcbf,1
3297bb69,1
a8d7b2a6,1
e51a3e36,1
7b1f61a1,1
6f67cea5,0
20ab2113,0
841b0fbc,0
cebc96b9,1
290c52f9,0
f84b54cf,1
38bca38b,0
897dd562,0
41a7e3d0,0
199b40c7,1
86fa3e71,1
8cba3613,0
2e5f9ec2,0
52bb812d,1
dd1cd424,1
776d0d5f,0
24572e33,0
0e59a338,1
6e169f80,0
f87d8e63,1
0da9cd13,0
19433b6c,1
1bb53e91,0
bab47b87,0
e4a32e74,0
bbeb5186,0
9ee17369,1
d01ee27c,0
8c9a6028,0
5538de9d,1
c4113ae9,0
02010970,0
043f5f0f,1
7b429a21,0
a2f40d29,0
67e267e9,0
dd559bb5,1
66d3bdb2,0
6d3da6a8,1
c9093683,1
905d75a3,1
c5e2724c,1
cd465e95,1
5e4a09be,1
d9fdef94,1
c9f95bec,1
229ada12,0
21febdb4,1
5222ab3e,1
58069f33,1
bda8a5ae,1
b3344fdc,1
c4df7702,1
fbc14cd3,1
d38a99af,1
2b6aa421,1
64cae9d4,1
639f9a9d,1
d40c8e65,0
b3422c84,0
5b5be415,1
e68eaebc,1
a39374fe,1
899c2993,0
ad57b179,0
393d5ef9,1
1c2bbd5e,0
484d4357,1
3d7d8393,0
6f4fd52a,1
f9623c77,1
e8f8a855,1
21b79488,0
2635c830,0
26a2d5bc,0
0541ad6a,1
76716885,1
f6bd6e5d,1
27f78020,1
981a7597,0
7719d6d6,1
2a3f2098,0
f1f693aa,0
5d649be1,1
43e7bf60,0
4466df43,0
afe641c9,1
d596e5f9,1
f21e5bb1,0
ec507dde,1
d22ce0c9,1
807d6fa8,0
dd1092a0,1
65e924d0,1
64925cc9,1
af3870d8,1
2e8b50a4,0
0680836e,1
f92e98b6,1
82dce2d5,1
bbc49a40,0
6bcc9a9a,1
b157a2df,0
de367d45,1
34d3bc6b,0
bffb70e2,0
93a3dcb3,1
1e3b9f43,1
855df1f4,0
5d70db24,1
3ecbdc8c,0
7ef4ad7c,1
a5742686,1
f46f8401,1
91b58100,1
ac09195d,1
85f4371f,0
a219ffb3,1
df1d9d52,0
d2872e2b,1
1776141c,1
ff7f62c3,1
000c65d7,1
2a8d9798,1
009b8524,1
7c31e45e,0
2da8860e,1
6db48d63,0
7c779a8d,1
7e562396,0
eceee516,0
d38ff143,1
add832db,0
824f12bf,0
c5c263fd,1
d2777659,1
40be9d39,1
0f21cdc9,1
ec887e17,0
626c27ed,1
794812e8,1
26368e1e,1
0632d4c2,0
7d106b3c,1
b290c2de,1
8d0a9fcf,1
c849c18a,0
b279fa8c,1
0a3b2b84,1
3dde172c,0
dc11abd1,0
73f80daa,1
0fdbef09,0
5c705535,0
3fa6acd4,1
10ceea51,1
2c1e4110,0
a82250a7,0
0131902e,0
7315262d,1
bfaa6345,1
60e553e6,0
d03f3875,1
431e3297,1
c89ec5f8,1
2c3ad076,0
0add7d5b,1
812da773,0
b95202ff,0
1732344d,1
014a18a3,1
cb670812,1
1330b99a,1
57004bda,1
d3bc3dbe,0
68886589,1
3e789ded,0
1239d05b,1
863592dc,0
cda7992a,1
bac18341,0
8c41f5df,1
a1e2d96d,0
ce25be93,0
ed401a55,1
830ed2fa,1
5dd2976b,0
8a7aa932,0
62d688b7,0
c370f6cd,1
4476a9fa,0
b5000d9d,1
e6e48f21,0
4490259a,0
8e9a9ba6,1
a60a76f2,0
2dd8872f,1
34be90dc,1
84699fad,0
a21f46b7,1
bf706119,1
03df4e82,1
2a350068,0
7797d58b,1
68f2ebb0,0
17b78e38,1
712d0f68,1
f1bed6fc,0
252d1b7d,0
e9369d53,1
092be9de,0
7a7ba280,0
6980860c,1
3c98cf74,0
ec2fecd7,0
13737c2b,0
304e95c7,1
316e541a,1
e696a7cd,0
f9a2418c,1
837561b2,0
c7f86e18,1
fdc61b0e,1
cec1a1c0,0
04323f73,1
133f9c36,1
3d40623a,0
c3fe4b4a,0
40f01258,1
fe54efad,1
4579e618,0
94c47d85,0
d51e591b,0
0e5531c1,0
a0ccd85c,1
ddca0720,1
7eca5639,0
b8d82900,1
e5da81c9,1
0b3c5024,0
2653ffef,1
a8504ad5,1
e529bb17,0
4cb24ac1,1
97318f8c,0
b8ab1305,1
063ee47f,1
e662090c,1
1cb426d5,0
43eb3098,1
dd7e8169,1
8982c58f,1
494e7dc4,0
93e23093,1
e0b2d9d7,0
9ea80baf,1
0d317dff,0
ad3cb796,1
9968357e,1
714136bc,0
6886bd9a,1
65020efd,1
a1c3f2b6,0
8f2f7a67,1
cbcb0906,1
87ceee74,0
5fbaac18,1
4b4cfe5e,1
f78ce192,0
63a7919c,1
45cf8efb,0
d7279b5c,0
96219f69,1
07a7d1cb,1
b45ff5a6,1
b403be3d,1
bde1cd01,1
1284904f,0
b3afc33d,1
f6bfb6d7,0
2514a2ff,1
f1152c8d,1
2d3759f0,1
39428541,0
e301c035,0
c328fa7d,1
eb2ec22a,1
b10142f6,1
6560845a,0
34cf6c2e,1
d2e243a9,1
b36851c4,1
c29cd887,1
cf58fabe,1
5a767585,1
ccf00f93,1
d76a30c1,1
9e9a3cdf,1
5a22b396,1
b2ccf007,1
c0627c4e,0
4cea7513,0
46b7e766,0
7dd2e705,0
9b9de48e,0
532eb972,0
f7eb9c96,1
65aebd92,0
05cc1c4b,0
b8bcf757,1
5859bb0d,0
402c8097,0
c273b8c2,0
6cf3a92f,1
99f3d5d0,0
33202c30,1
d122fb35,1
f25d2571,0
37bfbb97,1
de100d54,0
b50c0c81,1
1e53abdf,1
7273e453,0
5af04e67,1
512ad335,1
8c1c53c1,1
02244ba1,1
a05c1b95,0
fbbaad60,1
ae7d1d4a,1
d9e4a1f6,1
39d67227,0
9e956fd1,1
60f1e916,1
282a7a79,1
c49a338b,1
cd47e542,0
28776b6d,1
c50b4fae,0
31562c35,0
07810e42,1
a5867a1c,0
8d9b544a,0
3e9e332f,1
0a7a65be,1
4b74ca89,1
569e7b43,0
e12dc800,0
dcf5d1f6,1
5c9dd487,0
8105dce6,1
7aa54b8a,1
faa6c9a1,0
9000e3f5,0
2b627b79,1
afa6a6b4,0
c933ef30,1
56e71a61,1
9c306201,0
0ff087d4,1
450fdd98,1
1b3d7f6b,0
d6890f6e,1
56fbf33e,0
e4531d8e,0
f6f853c3,0
5cce7568,1
809385f7,0
7b9e8461,0
ba8ff1c9,1
96f397d5,1
f1b0bbbc,1
8badc503,1
f42e3d96,0
b10f9bf1,1
320722bb,0
0c17b03b,1
608344e6,0
2dc5067f,0
709fa11c,0
2dec781f,0
4a47f033,1
26c16cf2,1
1979c352,0
0924cf4a,0
4a8050c3,1
33a9c441,0
dc99174c,0
5fd2137d,0
3abb60a8,1
6b1a9a3d,1
a95c942d,0
c5f50937,0
f22b4233,0
6ca83f92,1
372543f3,1
288c0d0b,1
c4e0f4ca,0
a48b8a99,1
dd08b33e,1
9cafb81f,1
9e184f69,0
1550491c,0
6b8ec4cc,0
eca23fdb,0
613e0d3f,0
a8c1d9b8,0
76df7930,0
17b73e9a,0
19f952fc,1
9eb3e2fe,0
29b0389c,1
41eb958b,1
67b4051b,1
c3ef46b5,0
72d99e50,0
9462b273,1
8439d63c,1
4d57225f,0
b7168e6c,0
ae3f3417,1
47ce5914,0
a95fe2a5,1
3a806707,1
03cf3246,1
1371983a,0
ec93e295,0
f2f60019,1
25294475,1
e51df3e8,0
4bcb5e3c,1
6631dba6,1
cb1d8cef,0
4bb08b72,1
d56e5087,1
6b0bb2a9,1
d86eed09,1
f4500be5,1
e7025d21,1
ad9f6603,1
82959da4,1
16d1d072,1
41c821fe,0
9fd4a5b2,1
bf714041,0
f788bd4d,0
b8133bda,1
15b71f5c,0
211b3d47,1
b432a702,1
36cd8d29,1
ef765b98,1
c6c5c395,1
f03dd4f1,1
3e62ef55,0
2320fb23,0
e77b9e3e,0
722b97f3,1
58497fec,0
ef4dbf15,1
95d9a8af,0
ed48b54d,0
79c657c3,0
f39cea00,1
7972f356,1
305ea4c1,0
51c0401b,1
b98a6d50,1
b361df36,1
d3766217,1
622fbba7,1
e2fe5935,1
cd8df73c,0
405e10f9,0
aa63053f,1
a34f1db3,0
d32ddebb,1
2344ab30,0
f8c3564d,1
036fca77,1
db94807f,1
36517371,1
4554331d,0
8b63eb3e,1
feaba798,1
50288dfd,0
9716b928,1
e000424b,1
7b04444b,1
75ff1e55,1
75320757,1
b4d560e0,1
d1ff2cf5,0
8e503c09,1
97d6515d,0
33e90645,1
7e64b350,1
da8719bc,1
f26ca735,1
0619baf8,1
8c609b88,1
4eb57c85,1
af85fdcb,0
0eb57288,0
b69eefe4,1
7dc02559,0
1fa5cce1,1
c0a43b88,1
882abe8c,1
ee82af65,1
7952c2f4,0
119fd1ca,0
4fe8ad85,0
9411364d,1
86dbc3ab,1
dcc18b89,1
9d1d53c7,1
2b92b3eb,1
896fdd87,1
fe6fde2f,1
023e4966,0
7ffdfdee,1
d9066ed6,0
78f4b160,0
2e6fe0b8,1
1fb25351,1
2a893116,0
11584d88,1
23069939,0
60a943ee,1
c2369d5b,0
cebb5462,1
c2a2072f,1
2e82c1a0,1
a2dac6e3,1
69d00d7d,1
c75b6421,0
d63df78f,0
efb0d6e0,0
1757853e,0
d50e91a1,1
ce9a8bbf,0
e825d860,0
60b915f2,1
b183f03c,1
f9c14f07,1
a20b2307,1
74d3c74f,1
4f34bb03,1
b962d9f0,1
33ee19f7,1
493bd1d4,0
393c5fc4,1
1cb1a88e,0
833e9810,1
24147445,0
44e3710b,1
f5fa76a7,1
c8f3f41a,0
b3d0e29e,1
909f6e66,0
f707cf37,1
c49ad298,0
d4c2829e,1
52454074,0
5246904b,1
a33f6584,0
ffda8ccc,1
93ad617c,1
a55a1291,1
63b295c9,0
6d10ee76,0
34e578db,0
c7213f71,0
2807f551,1
4ff77dc0,0
a5f18921,0
859b5855,0
5f9607a0,0
42535261,0
1ea3b75f,0
0f965906,0
858e1216,0
3db119cc,1
769ce627,1
bdc8e845,1
a20d5802,0
ed2808c7,0
dd64b6a0,1
d2f81c70,0
444939af,1
76910bcc,1
cbac4103,1
2311fe60,1
deb1ff2c,1
6cbb8f13,0
3b8e98e0,0
25632b0e,1
7e73164c,0
9509d4ee,1
d90afb86,1
88f2f9d7,0
ba6e8bee,1
8b36e87a,1
09949fd0,1
88b59f9e,1
cadeac43,1
0412b3fc,0
9c2ba9a2,1
d8e0991b,1
1656b89f,0
3a89211a,1
008ae7b6,1
543fe4fe,1
d216759f,1
990cb7b2,1
d40ef22c,1
0baeaaad,1
e9ca1585,1
1b2dab8d,1
9ee784db,0
40ed79ab,1
cd7b3958,0
cf218f9f,1
4846e6dd,1
e57a5747,1
c7635482,1
8499a8b6,1
0f496adb,1
c2f88f5d,1
44fb9c40,0
0e724ce5,1
60a14363,0
7ab18c6f,0
a44024d1,0
1e5ece42,0
bf1ea11d,0
f83a50d9,0
4bc441fe,1
df4c3d4d,1
eedcdfa9,1
c84036b4,1
f3433134,1
0c8c0264,1
a32229b5,1
bd25a04d,0
abaef3fb,1
5825ea8b,1
11a5994c,0
1af1e879,0
02e16760,1
063042ee,0
bf678d3a,0
c72b03a3,0
489fccbf,1
a8be00c8,0
fc221a63,0
f3407f84,0
e5ae3f07,1
c53773fc,0
031ab1a4,1
a3c53504,1
92f057c2,1
58d5eaae,0
35129901,1
87a09b18,1
63114bd1,0
c3651409,0
f8f61b1a,0
f4670313,1
11fbbefb,1
eac508e7,0
617bb453,0
716d90bf,1
f84176d0,1
a052bd55,1
63ae575e,1
b5ad415f,1
d348f53b,0
89dd1cd0,1
038668a3,0
59125dd7,1
899c69db,1
e31a99c6,0
f7b1bc5d,1
5e8a8d70,0
1960bdd7,1
30d97b84,0
819456f8,0
f727c2da,0
39184457,1
bf1fe0d8,1
5c2671d6,0
8ae69ad8,0
7e638819,1
a7050131,0
0a22b0fb,1
a1e8b217,0
fc9c3328,1
4bc041d6,1
1b0d2130,0
7f4d7b0b,1
3d1d6f7e,1
959e75eb,0
1ad1dced,1
d85dae3b,0
b637250b,0
be0cd038,0
9d30da78,0
6a5cf775,0
bb6cb447,1
3c62ba12,0
b6a832de,1
8e1adbe7,1
df4bf06b,1
06dcde89,0
53c7e5a2,1
0cf99072,0
61c37e32,1
669aa532,1
3098f5bd,0
d2da4b5a,0
4365b72c,1
576f9042,1
d7755d98,1
fdafc64d,1
c3a9e7af,0
f490f5f7,0
f5e8ce37,0
5fd731a4,1
e0e39772,0
c8fdf0b3,1
442822f4,1
daf3ae6f,1
8b5e8d8f,1
5125ced9,0
23affc84,0
c0b6a25c,1
ab586332,0
9b6380df,1
ff7c90da,1
e95a226e,1
8fb00e3d,1
a649a30c,1
49304997,0
cb5bb8cc,1
b33ad82c,1
8e5fc7a6,1
ebfb9e7f,1
3fa5e095,0
983df30f,0
414b72ce,1
d5fc6c94,1
5cbbe683,1
49c071fb,0
a1ecfaac,1
a08873de,0
e9cf140b,1
f2100290,0
6053e05b,1
fda42289,1
e626e0cd,0
7ada2266,0
b61bcad9,1
1ed64396,1
d4d8ba4b,1
682761b8,0
97330e2a,1
a6938667,1
7a12e6ea,1
2f84d5ac,0
6ca448d6,1
aeb77851,0
edcdee0b,0
f4c2e188,0
e38083e9,1
0ec46cc0,1
803f0434,1
9e967657,0
4f582624,0
7a5881fc,0
cbe1fbdb,1
335316a2,1
7f184339,0
8c0c97b2,1
3971fb62,1
683e3a25,0
c4f25315,1
6bda1e84,0
a4f6beac,1
b87c14ca,0
f5a47a9e,0
8fd3e024,1
bc3c5edc,1
d4ed1d02,1
475c32eb,1
fe63da66,0
95b97844,1
588457db,1
202a85d0,1
8b080b73,0
bf72c641,1
6395379f,0
dca2ac8e,1
02ade848,0
e1ebf6f8,0
cd24a48a,0
6fe4291a,0
26a305b1,1
99335942,1
59567cb3,1
dfca2df4,1
cce9b260,0
f571f77c,0
667fd5ca,0
6738b336,0
71793fb4,1
39cb5ff7,1
23ae7560,1
7a628f8e,1
7370d461,0
5c52a67f,1
d0701833,1
ba467250,0
0f0b3626,1
1d60ae20,0
d6803051,1
eddfbaea,1
72a1da13,1
429b5bd8,0
af64aeba,1
3729d54d,1
567110e4,1
08722319,1
989c1077,0
fcfabb31,1
9a5e3092,1
277874b3,0
9a719efb,0
91859da8,0
09e1dcb0,1
b3c8706d,0
768678ea,0
5b8a853c,0
7d4c174c,1
fb374a1c,0
6b7c271e,0
470544b1,0
3a100c3a,0
26a986b1,0
4187a727,0
5f719a57,0
80439f2a,1
9b69738e,1
8ba9d0b2,1
f2755c8c,1
0eb2ab99,1
9f58abb5,0
c49479eb,1
b111f7da,0
d77a99f9,0
28a518f6,1
47fba6db,1
bfc46767,0
91497878,0
6e3a6b81,1
03073f58,0
d81998c0,1
fd390d03,1
2d62fb65,0
67e1688a,1
de597a59,1
e8cb1640,1
e69e2e7a,0
a9990ac3,0
8d2521bf,1
5fe4d054,0
4a4e930c,0
45e5b3b6,1
0339508f,1
b1f8b455,0
42010646,0
f92aa9ab,1
cb72cf23,0
e888aa2f,1
419e7359,1
ee269908,1
636de916,0
94b2c4c6,1
4b6595b9,1
e9c12cc8,0
883b0169,1
eb1c6e29,0
2c2927ee,0
8e886ffa,1
dc0773bf,1
5867cff6,1
f57925ad,1
94d0cd82,0
1bec6dc1,0
d45c0160,0
30db9c88,0
830524b2,1
bf17a9ff,1
a47df70f,0
b0350179,0
e67324cf,0
eca93842,0
4272682c,1
e995d519,0
5926e1e9,1
810a6479,0
fae790a9,0
80a95752,1
d2d35acb,0
9ab5aea1,1
70c4d5c0,1
9e867ab3,0
6c64e674,1
8bf2117c,1
8156d1f6,1
451aab58,1
f4915691,1
c8732742,1
ef5a30d0,0
8f5e6adb,1
f70331cb,1
05aab4c1,1
567612b1,1
56e14d5c,1
d8f7dc99,0
e75822c7,0
0c7abdfc,0
659b4323,0
ed10f1e9,1
740733ee,1
fc23ee7f,1
c8a90f69,1
f68a0b0c,0
898bd792,1
58fd62b4,0
722c9621,1
b1bf23a1,0
904ba730,0
7b73e5b8,0
7bdb9c4b,1
78997917,1
0a35c8f4,0
c7caf6e3,0
d4b5848a,1
89d8ff9c,0
dfe48429,0
88036fb3,1
bfe1a622,0
e249577e,0
af22b75e,1
46e7febe,0
c3919b29,0
793d8073,1
28efcf1e,1
5ec9020a,1
95045fad,1
b3c95526,1
732231e4,1
0c032586,1
2918f5e8,1
6a218b5c,0
93d0a4bc,1
c2d53e5c,0
cd9621cf,0
ef82a428,1
57df28d1,0
1bed64fa,1
7c25b1aa,0
62773983,0
f107eb25,1
ef3f65ed,1
c4569d14,1
fd9b9600,1
e9533ebc,1
ad9c5631,0
10b4880a,0
555ed646,1
64437ce1,1
46d2e429,1
b74c0801,1
018ef379,0
f0277ba9,1
9fae5555,1
919d5d91,1
e536f138,1
1e9426f6,0
7d706daf,0
91321658,0
0ad456e2,0
234ea63c,0
2c47f0f1,1
bd3b65b0,0
007e88fe,1
a9ef7ff7,0
e81de2f3,0
559e33cd,1
2ae8e605,1
e85767e7,1
c6e00bc7,1
117bff87,1
63caf442,1
f2a3bc01,1
98ae9976,1
870fe9a9,1
f26162ec,1
4f64e8b7,0
edfb4ebb,1
f26a1cab,0
7779f2d3,1
5affbd7b,1
e2cfbaf8,1
2493d428,0
bd244a24,0
bd6e1de8,1
1c5d2d29,0
7c733043,1
5baac3b9,1
f2bd2202,1
07b5725f,1
49c34c2b,0
0ff2bb55,0
7fc0c164,0
43672c9c,1
e42a68df,0
a2105a5a,1
f809096f,1
9271bdbd,1
f6325ff4,1
8c8fa174,1
73123b99,1
6a39e42c,0
3b48046e,1
654053ac,0
be4c28ee,1
dcf74f76,1
b70aeed3,1
ffcfa9a5,1
3dac794e,1
d7c323b7,1
0f94a2bd,0
47d85b0d,0
d72f01b9,0
4ab903be,0
be97d5e8,1
81aa3b1a,0
bb8cc074,0
f6198826,0
5170e8a6,1
2cd7908a,1
a8d53417,1
a37c0466,0
58797cee,0
8aa6cad9,0
860876c4,1
60997d45,1
8300c85b,1
d634c24c,0
c686b922,1
eb5d249f,1
fad60575,0
fe38a7e5,0
828ce573,0
6e5291bb,1
32c7edc2,0
406183b1,0
6f4f30ed,1
98ba1bcf,1
1ae37792,1
5f6c7c82,1
57b8bbd4,0
9e318b32,1
93793fb4,1
350330f5,0
0512cf4e,1
2dd888c2,1
e9ab6802,1
6ba3d53b,1
e2e4e3a5,0
4efdc060,0
81275d70,0
6880fb9b,0
dba35ab1,0
92189fd2,0
44c51bcb,0
4a47d661,0
0ed7ce9b,0
6dcf61d2,0
2e4bfd68,1
758d69dd,1
2e37b1f6,1
871684b6,1
99941ba3,1
9daba64a,1
adcf8232,1
42f7b312,1
676231e5,1
72057e10,1
b505f006,1
3cb356fc,1
3d389fdd,0
261971ee,0
e2641d1f,0
731e7edc,1
d65568e7,0
ffb3899e,0
b8698b3b,1
7781fab1,1
ca44def5,1
9c7de794,0
c1d98da9,1
5cdd4489,0
b032fd59,0
2cd45708,0
bba76c69,1
f29aadd3,0
9e4fff1f,1
a78b9ce0,1
13b9060d,1
4034a06f,1
a8a21d88,0
85132d0a,1
b0d24c1b,0
402a6874,1
f63c5527,0
ac0cba3c,0
3c04f0a2,0
ddd29804,0
ac528ced,1
1796778a,0
e4bf0368,1
c33960e4,0
1e2c8443,0
6cb8e3e1,0
599e264a,1
e49c9384,1
a89c9c32,0
ad8b7385,0
c16491e2,1
f8ff7fc9,0
f863fa72,1
1c78ea6a,0
60164c5c,1
92a260a2,0
0164a090,0
4c70cbfa,0
8e7788b9,1
9b490a7d,1
fd21f51b,1
0ca33c28,1
71303ae1,0
00e0f58b,0
06565646,1
6dc06e16,0
491d748c,0
df698773,0
71fb57be,1
aa9d68fb,1
c9e3efe4,1
8b84e775,1
5d38fda1,1
ff98ebea,1
286b0003,0
950daf5b,0
f42aa55d,0
df113670,1
1e4a6eaf,1
07e6cfdb,1
101f8ca4,0
191e702b,1
9a7ee937,0
4e6714a2,1
f6876b2b,0
496713af,0
ffb31998,0
f08ae08f,1
aeb6acb0,0
ab6ba011,0
a4e00e21,1
cd662f15,0
76f5ae5c,1
1ef75921,0
74f0a140,1
e6296f2e,1
b8405bc5,1
d3dae2cf,0
476046da,1
429bf1aa,1
ec9d1644,0
5983dc5a,1
7357ba16,0
3abb4b90,0
26281875,1
a2aeef3e,1
578648f6,1
e4208b85,0
41d4f132,0
753c3933,0
f6ea80cb,0
6e030fe1,1
7c52f032,1
9532a83b,1
fc9d020b,1
a3aef74c,0
e69b1437,1
ad1fa7eb,1
83c08ce8,0
d73a9880,0
1f0720e2,1
9e3eba82,0
9958b690,1
979c09c0,0
90b5c79b,1
2ec1c625,1
ba0d029d,1
b17ea8f1,1
bb9ef990,1
42757256,1
2aefb4a5,1
45ec4f01,0
8141cbcc,0
0ecea03f,0
a429ee89,0
dfbd015a,0
881ff55e,1
c011a213,1
e46ff53a,1
a96ea24e,1
ad5a9b3d,0
5f32f71d,0
364b255e,1
96e8a0d0,1
a7988f7c,1
98c1fcf2,0
f319110d,0
94c86544,0
5985d00f,1
9f4c3348,1
02b94d6d,1
f240bc19,0
8ea27427,0
5df642b2,1
53645390,0
f772b2b8,1
11195073,1
1ded661a,0
e5e57e09,1
66732393,0
df04397e,1
41b28ed5,1
54ad84ac,0
c4bb7a6b,0
84001c0b,1
1ee45ac5,0
a692bac1,0
1c7ab297,1
6861e701,1
7f67da88,1
d0907b43,1
95faf284,0
56f8ca7a,1
a6b173dd,1
9c155bf6,1
3b29b387,0
2de3e9b0,1
47a5d5ba,1
550d358d,1
b5f7418a,1
13df7721,1
76d8137b,1
5684f9a0,0
f694253b,1
b0507ac4,1
7843b05a,1
b0f321ca,0
473aca2d,1
c237aafe,0
670a3e87,1
1b8e9764,0
866477a0,0
7d7b8346,1
a3e80e82,0
eb199173,0
9ee763b2,0
5570b338,1
b4ed4143,1
d5713ee8,1
7321cc37,0
980df031,0
8fbf7718,1
4187cccc,1
e04791b4,1
94aa89f9,1
1bbb5e1c,1
c75bc51f,1
8ab791be,1
01e907c9,0
14b4658d,1
0debe067,0
f04f12c4,1
3a9cd9c1,0
c466dea9,1
bd174bbe,1
0b06101a,1
8b4ff6c0,0
dcf6fc96,0
5667afe2,0
22dd4cea,0
322a1461,0
9303895f,1
bba577f4,0
54b3d053,1
7517b1d2,0
bdbc291f,0
2cfa68de,1
e9ba1d90,1
037b468a,1
d5917e8d,1
e58c09ee,0
742f0592,1
cec40ab5,1
69a032d5,1
56e54895,1
04b4b85b,1
c4f3f493,0
8492002c,1
fb5c88b0,0
34967954,1
15047c95,1
f15c2aca,0
5349e066,1
c89447a6,1
806cb219,1
631b83e2,0
e2fb192f,0
7c5a220c,1
eb69e65b,1
e7dfe99c,0
5da4d5be,1
37c01d92,1
59934611,0
bfc10313,0
2a413437,0
8940d7d0,0
15f807a4,1
66ec0f68,1
c63a39c1,0
daa7cd7d,1
5d6ac086,0
bd388be5,1
0e903cc4,1
2093be43,1
03ba8825,1
91ef2c66,1
4bf24947,0
29ae42c2,1
a66e134c,0
17341546,0
d7ad081c,0
50492347,1
28d8a600,1
f3c20147,0
8f01526b,0
a196ac29,1
74acdf08,1
c768b8d5,0
f7ebab0b,0
6a92f05b,1
b0813e42,1
1459d0c2,0
1f7a8b89,0
daed0542,0
cc09949a,1
b9e0bedf,0
e481c09d,1
5c128b70,1
0860b896,1
344d25f4,0
1b06655e,1
b2db8e62,1
7d9b949d,1
c4269422,1
f71a14f5,1
365eddfe,1
40bd3518,1
32d337a2,1
c54da146,0
613f2911,0
3390d391,1
65d850ee,1
1c640358,1
b47560f9,1
9ca4072c,0
4ec47c40,1
b1d4db47,1
b1dfa6e9,0
80aa715e,0
321c2947,1
d69f7d74,0
416cf08f,0
833fe6ea,1
05d94298,0
fbf936dc,1
091688f9,0
323ddb3b,1
486e530f,0
91c2290d,1
79c3289d,1
7328573b,1
8edd84ac,1
43b27e47,1
0f8b621e,1
e2f4e10b,1
e33edd6e,1
5c712a8c,1
f09dcb7a,1
f85449f8,1
fd03f270,0
2558e771,0
3fde99f4,1
49529fe6,0
0e3eb3a9,1
a468eac7,1
de58bb57,0
2a0e6277,0
e01d9ed8,1
a6ef2201,0
0d1572d4,0
b039c3e7,1
7e57b119,1
8805153d,0
f3fa0370,1
33498a42,1
da4aaa24,0
218650a5,1
28c5065c,1
d7885c34,0
4a84f7cc,0
8ebf3d48,1
41473b25,1
d3bea6df,1
dd8e7a0c,1
e363ef7a,1
31b18ea2,0
191ee06d,1
be6f3de1,0
59cb3d98,1
c1ebcc95,0
6bc02780,1
efe23505,1
ed6309e6,0
fd842df9,1
fa41b19a,0
47f482d2,0
67213ba2,0
1812923e,0
6b8a02a9,1
9197eecd,1
3871d16e,0
ef4fcbf1,1
0088109c,1
82fc8399,0
4857f8fc,0
dc0c7f3f,1
d906e60b,0
ab3bb2ba,1
994249f3,0
8ddec462,0
4fb84944,1
aff51e4c,0
fc69fc20,1
1a710021,0
6f10b840,1
3d356e43,1
7112e4b8,0
324d5acf,1
42565e2e,1
ecedf92c,0
350db7ba,1
f52f7471,1
7af42b83,0
2762f99b,1
5c6c8d68,0
4fdd1966,1
f933b27f,1
d946d1ad,0
c476aeac,0
27863ae6,0
ff4fcec1,0
9d1a306a,1
6749cffd,1
b0d96c3a,0
40f9f3fb,1
b53cf2b2,0
ffb33e1a,0
5e5be00b,0
9893ba76,1
28de815d,1
8d5ee5e0,1
f958290a,1
ed43a445,1
5c7ae324,0
4159a595,1
54bf79a7,1
34d2aabb,1
34dca467,1
396f94dc,1
b7c28d14,0
228cb989,1
e5ce2adf,0
567ba8c6,0
b954fe5f,0
5e8fbf7c,1
6a3fd2a1,1
c2b3e315,1
997e491f,0
b389a507,1
273905de,1
a8189eb1,0
5970c24b,1
a030aef4,0
d6eb3b9b,1
5f0dcfd6,0
55ac6076,1
cfd20abd,0
cf40872a,1
f3b87adf,1
846d1cf4,1
5581a147,1
1fbda448,1
8fed202d,1
2f16b551,0
c0d329f0,1
f1086cc0,0
d3c596a9,1
ca1838db,1
78c59614,0
d26d1d27,1
670c09c2,1
f40fe2ce,0
4930a79e,0
b539c15a,1
4a73eea0,0
38d8c38c,1
7db0e794,1
ff2c2107,0
58813f19,1
37849cb3,1
6736d143,0
c234ddc1,1
6c9e9f3d,1
55b86f15,0
fb4e6ce7,1
3e4ee688,1
4557372f,1
53ee1496,1
c8f44a9c,1
f8453e51,1
c221d806,1
1917e0b8,0
4e1e286e,0
94c48c3f,1
57a31ad6,1
b1ace23a,1
5b3c7cd9,1
ea8fd8d3,1
934113d5,1
4fd8895e,1
4ecd1394,0
993559cc,1
ce60ab37,1
f2540292,0
eb4678c4,1
ae39b068,0
367f96d1,1
1d247454,1
fb8b83e7,1
3da73f55,1
7c2fb236,0
5b508b76,1
03c9a6a5,0
f3c6183f,1
87bd812d,1
d140ee70,1
511c4677,0
9ac2e662,1
f26c92ce,1
d713e511,1
a082d046,1
41aa5516,1
04599177,1
3aa4edca,1
48058f80,1
4cb64901,1
97d85017,1
7e36e451,0
c3f4a516,0
83372bf0,0
5c4ef9dd,1
846062d6,1
2bdeadef,0
d849aa2d,0
931a2a1f,1
9ae9218e,1
2d69ac3c,0
b6afa61e,1
6082ab4e,1
1cd51883,0
2fddf3a3,0
e8459824,0
b797151d,0
bd91dce5,1
75e2bcb5,1
a376fd0a,1
6f5eb5f4,0
8717e74b,0
6b3a03ee,1
ce19816c,0
e57c64c5,0
b4ff0572,1
fa3ae2de,0
af6f3ec8,1
ad987f97,0
1c0a1348,0
b4fa54ba,0
b4d612d6,0
fe13a2ed,0
9a0cc030,1
ac600f27,0
507f33ac,0
8a379e28,1
19cac3e1,0
6adb2652,0
8bfb77e0,0
622be6e7,1
1d16b4a7,0
4dadf295,1
663cb650,1
49b5c4c5,1
8ba97042,0
765c9cd4,1
30c6dad6,1
53935ff1,1
d891017c,0
750f79d0,1
e83fb225,0
655672b5,1
ee12c3fa,0
1357bc30,1
f32c1c34,1
1394a22c,0
bd050a4e,0
bfa21223,1
a88ef63c,1
f726ad07,0
b7c7ea94,0
7fd7d4db,1
e24b0508,1
4952243f,0
6415c2c4,0
9a5a34a0,1
d5c41406,0
3b4c481d,0
3a432359,1
2c18c455,1
c35748b6,0
3aa1c944,0
0b5faf98,1
12895e72,0
dcf3af40,1
af83987c,0
be67d4ea,0
7d247d6c,0
218012d6,1
35fd4d4f,1
e50aea14,0
2cf3eb36,1
9e97e069,0
8981bb60,0
e6aa3bb1,1
841f7b98,1
2dd5583d,1
31ca7cf2,1
33551f78,0
ffef5f6b,1
e529b67b,1
0f047a04,1
6248644f,1
eff904a0,1
2a6f1a43,0
ab2cfec9,1
ddf0092f,1
de351321,1
25ae78a0,0
416a4b5e,1
7be7e4cb,0
70b2cc4e,0
62f23257,0
becb9167,0
248be600,1
8f94de6f,0
8a6019d6,1
7728fb89,1
d3318f72,0
d868e6e0,1
928e4e53,1
1131590f,0
1fcc454f,1
b8305510,1
166c40bd,0
b0534140,0
249e4c89,0
6c9e6f61,0
e3ad02c8,0
04c2a2ec,1
549e10e5,0
d933dbee,0
a69496d2,1
f855188b,1
07352389,0
49240bc8,1
ff3e8ff0,1
c67f4cbb,1
f85d27ca,1
5665d192,1
3a347875,0
7cff3028,0
a703c3ed,1
65721c03,1
49c8985b,1
fc8c92e6,1
093d7527,0
ae64bfb9,1
e59fc3c4,0
e6f8b007,1
8d9f5bc6,0
ff5f79b3,1
4d226eeb,0
fc8ddcc8,1
ab05ef76,1
f29007f0,1
0b0a0510,1
b2f60f2b,1
b71252f5,1
5d390f15,0
d04f8a4b,1
184fef88,1
c93846ee,1
5817c0d5,1
63e04152,1
f4c89a58,1
d73a91e3,0
8a3b2511,0
2754ecc0,1
efa896c6,0
0743d096,1
d6d7752f,0
e33ebe51,1
8a4402d3,1
789db6c0,0
8a78651b,1
14b7e1ab,0
073fb21e,1
3e1ef5fa,0
0d8040b0,1
ef949cb4,1
f1a96ff2,0
be2831db,0
8a7dbd6c,0
3e0ea9fe,1
f48dce9e,1
b0ef1a0b,1
c5a15e9c,1
3b1ab71b,1
4c773370,0
abcda93c,0
ddebee3a,0
a2de72fb,0
397c2364,0
ef2e4487,1
11e41902,0
ae06a226,0
cce0a21c,1
fdf9388b,0
babc69f4,1
a18e083b,0
d0884ed4,1
87969da8,1
43d224bd,0
ec25a863,0
673044a6,0
297be918,1
4d2b3486,0
ac057464,0
9fd950b7,0
e8af891f,1
ccac54a3,1
558a9dae,1
4e7f6b58,1
59aad40d,0
1251795e,1
cc9d36f0,0
72d21375,0
38fcb341,0
b07773ee,1
84e732ca,1
c105f30a,1
18e00302,0
dae7e4b2,0
b414e643,1
44881632,0
74ae8370,0
e23a75ff,1
5ff775a1,1
9a21265c,0
be48d3b2,0
97713122,0
7eb27aaa,1
0337f56d,0
2a5b260e,1
acec835b,1
1efa162f,0
684c35fb,1
3569d95c,0
0cbe1e1a,0
12a769be,1
9a77fb44,1
adac1bd2,1
7b51f4b1,0
8eba1f11,0
1e4babf9,1
dd418de9,1
f62b1f47,0
cc221fc1,0
2fa61820,0
38939bc9,0
69c027d3,0
ed76adcd,1
47fa107b,1
9e21b926,0
67a6868f,1
63f4c3cc,0
54ccaea8,1
5ad99e49,1
56fec1bf,1
e4fe118d,1
b5095ceb,0
d160c943,1
64fb3f33,1
b3f23256,1
0cae648c,0
2824bbab,0
1fe6a781,0
5dbdd852,0
69b6c46d,0
063c3dd2,1
351f4b0f,1
ee5b39be,1
c0ac9b30,0
fe1b689f,0
215b9917,0
b45200b7,1
3d506c13,0
45faa3b3,0
f0015905,1
b6d3f5cc,0
cad2766a,0
5b5c1221,0
bb5ef2b7,1
a0b1bd6e,1
8586a805,1
27bdfa50,1
22255b47,0
90e8b2ae,1
02b0a94c,1
d78a4e4e,0
3af6c438,0
1dacf731,0
4828fe1c,1
28c20852,0
ed22d3a8,1
61f81f7e,1
1e57de58,1
4fdffcc2,0
46684819,0
7e0e5c97,1
11548c2b,1
cefc3554,1
65b15f95,0
d89f1237,0
9ff38cf9,1
55a99353,0
77b50b0f,1
11e2139d,1
4cd19702,1
b9d8b8b2,1
09ae8ed0,1
068a3d90,1
042ab7cc,1
61e9601a,1
66d0bc67,1
be18af31,1
3892e247,0
c8781b2f,1
8f89b14f,1
ae28c9f9,0
d5649c6b,1
4b6a817e,1
6fac35cb,0
266c0016,1
efb816c2,0
e80d1735,1
e4d334ff,1
22d154bc,0
c52964c9,0
51a5b03a,1
94855a81,0
de89386b,0
dbf261dc,0
f5672f95,0
bbb996cb,1
dc92a5d9,0
87c46021,0
551e6b08,1
6d3d4eda,0
588f3b10,0
1db7aba0,0
5e86e6c3,1
278b67ec,0
dad2b7e2,0
7d447e63,1
1afa8d43,0
66cb6b64,1
70ec48df,1
b57c8aba,1
3ee9b736,1
ba1395f3,0
beb948ff,0
5ef45a76,1
e19b6fb4,1
66a7cd89,1
c90cabb2,0
54fe1309,0
cecf2899,1
1edefe78,0
1415711c,1
00c2b2b2,0
90338cda,1
00b8fae5,0
611d241f,1
5490ca95,0
f7662bd3,1
59ca110c,0
a5b964ce,0
29f1889c,1
3e52ba2f,1
a5103c16,0
301c399d,1
ddf248a1,1
b9ecc6f9,1
a44a0b29,0
9ed58e30,0
c1b3e498,0
243c9aa9,1
c632fee2,0
87f9bcfb,1
51d1864a,1
b1b58a65,0
fdac9a58,1
5867ae34,0
34672879,1
c32d1aba,1
64c5ba2b,1
785aea23,0
ae5448b7,1
65a42ea9,0
eba4a954,1
c6a7380b,1
a1c71984,1
496a4947,0
9d7c2a3a,1
b2c6c95c,1
254a7083,0
08581a9a,1
d37bc2d9,1
4f97ac9f,1
a91c37b3,1
852e3149,1
1357913a,1
1d519054,1
eeaf6fe5,0
2f3e9bd4,1
d8f05784,1
e2fd7e63,1
cbc65185,0
12309105,1
ae498683,0
5a86187c,1
6dfe3e46,1
2baa9ad1,0
5114a979,1
d5781d4a,1
c5dd215c,1
dca8093a,1
fe504b36,1
b7cd96ec,1
36afd3f5,1
dc580f22,1
2fbf70db,1
9099095f,1
4b3191f6,0
226630e5,1
54156c1b,1
68bb36ed,1
db0f5d24,1
7d3b3f84,0
f47c0df8,1
27e5c948,1
a827bf47,0
fc817c59,1
bfe20d5b,0
1206e99a,1
c285f365,1
08c599a3,1
bf310e17,1
949409f5,0
fc21fc4d,1
e8c69cd0,0
0b8d3301,0
de0137ca,1
8eb4ee04,1
4d149f04,1
fe21e3e3,0
07d503e8,1
caa564b7,1
4909d3b4,1
64663bea,1
c6499664,0
1f1ead87,1
33b690d3,1
6a36476d,0
eec64d9a,0
40126558,1
ab216290,1
6740aa07,0
d5001102,0
ddaae181,1
8b61041b,0
34cbc969,1
8296a227,0
1ae3207f,1
14e8d0cd,0
50e432ee,0
29091216,1
bcc93a8d,1
87942f36,1
4c0c1230,1
dd5db05a,0
6b32f5d7,0
5e250445,0
423ae7fd,1
6dfeb375,1
c88d4429,1
70d95183,0
1c6603f2,0
23743d5c,0
5a8eacd0,1
17f350cc,1
ad8536b2,0
a9abd116,1
05dabce7,0
d071a76f,0
8da5a26f,1
44cd212e,0
bc205283,1
f43a0da8,0
6a4ac670,0
16208ff4,1
3f6481b9,0
b4704209,0
3f7741f7,1
0a8de6e9,1
9fcf7261,0
ba6294bc,0
8e8a0ef3,0
92748dfa,1
afab454f,0
38109656,0
9c9d5a89,1
04dea421,1
89cd4f9a,0
33a2b242,1
6f197a91,1
3e3b890f,1
8e52c18e,1
bdd85837,0
699b54e0,1
8bcdbee4,0
07c3e854,1
56f07e19,0
6df70f8f,1
f6c9634e,0
6b4947ed,1
62682096,0
a098b677,1
0fc1237c,0
b5a8219c,0
4b713c51,1
ef1785e1,1
c72556e5,1
414f3fc9,1
f5f009c4,1
52a6baa8,1
078ea178,0
9f77c735,1
f47d6846,0
1d6a88e7,1
1a700f12,1
9abc1a38,1
0d9bc65b,0
06c49724,1
32dcc907,1
69017d99,0
745604b6,1
58364599,0
1d5eb880,1
724b476e,0
943dd84e,0
0e43018b,1
76e8fdcd,0
4d49be83,1
f499c7b0,1
7639ef4e,1
3e358a01,0
0e89bcf1,0
2ba1db6d,1
d68f5964,1
1f2582b0,1
e3588c75,1
debbef41,0
af87ee7e,0
4b5facd5,1
f7ac7f96,0
acc3c2e5,1
ffc379be,1
83de55f1,0
4043be1a,1
0755e09a,1
27df38c6,0
e7115630,0
49718027,0
3f145bd3,0
df430630,1
8f02a023,1
9282c2db,0
17cc5ef9,1
4561ccca,1
df7e7176,0
d16fc515,0
62678f53,1
c3a324a0,1
532f19c1,1
e3ddb3c9,0
eee800ea,1
6c300efc,1
6011b909,0
c2800950,1
73551493,0
d2adf1ea,1
cbc7f35a,1
a7ef53b0,0
15b56fa3,1
594dab00,0
ea256822,1
99d38741,1
c450138f,0
3ac61db4,0
31131491,0
a770c6f4,0
023b1617,1
b646c3a5,1
d253417b,1
a60331fb,1
fad2bee0,0
b749efac,1
cfd32082,1
5def4154,1
58aaf0b3,0
6e9f050f,1
61ba89c0,0
dd7ed23f,1
29a06e61,0
2f87d22e,1
ad3e3c04,1
68e847d8,0
e9c90a0b,1
a244fddb,0
00c783b7,0
0fd3177a,0
488a4be0,1
a80ccd91,0
655d9655,1
a28a1f08,0
ba9313d7,1
e0c0f828,1
531025ae,0
cd56f489,1
475f759d,0
3eecc36a,1
7ff5a6f4,0
d2577c9b,1
ebd872f6,0
8e4ec66d,0
99de0c24,1
8f739b66,0
16105a8c,0
0fec4f97,0
d3f2c195,0
74dc006f,1
02a23cb9,0
68d5f9bd,0
7b21625f,1
061843a7,0
e6d81ae8,1
f833bbd8,0
a438f68d,1
14d12b24,0
345f1220,1
6c3a390d,1
aee01161,0
38ff1962,1
802aa1eb,0
d88314ae,1
8d4f5223,1
431f1aad,0
565e50c7,0
ea830527,0
fe11e612,0
9e381722,1
62e63df1,1
525ba47d,1
4b0e47ec,0
d76eba3b,1
36db8f12,0
6554b233,0
df126c66,0
5a78d0a4,0
8bb3dbda,1
2f4ea46a,0
3a7f59a8,1
a756c71a,0
38109de6,1
556f2842,0
4f9960bf,0
a9a436fa,1
92cc0304,1
3352f5ba,0
ee85ff95,1
0191fe68,1
5b3b8097,1
dafa8f9f,0
6e5beea5,1
b4edc6f3,0
a313c8c8,0
f0c689c7,1
0a8ab24a,1
852c90ac,1
67d0b3f7,1
55781954,0
f22ace3f,1
ef8ef6f3,1
81708b09,1
746ea4f1,0
cf5a8a59,0
5b87b0eb,1
6ed6ea2c,1
44be5917,1
c03f2d03,1
1fc7a336,0
adf6e2a7,0
a879cff6,0
0e0fda9e,1
51bae342,0
f6aa9ca0,1
c80e7f0d,1
0f61e12d,0
204f78dd,0
802bf44d,1
d3bb79ab,1
07f73a8d,1
d7fce329,1
d64b49d2,1
28f9e6fe,1
6858473e,1
68a5c437,0
1afffd3a,1
3c59d6d8,0
1476b5f4,1
868a7682,1
218679f4,0
2620891a,1
87a34791,1
42ddc57a,0
c1c5ad07,1
60b2df72,0
dcb96143,1
c21729b6,1
53a7f5ea,0
fecfa104,0
57500aad,1
025866cb,1
50230b20,0
4fbf450a,1
908d0943,0
96ec040c,1
f0869692,0
a664fe54,1
1d4cab5f,0
e4c04418,0
7407af6a,0
08be4774,0
f14c254c,0
23f0a9b2,0
bc45681e,0
0e3e0fa8,1
c2bfc9e2,1
1d488bb6,0
c12e8653,1
a393f44c,1
e8443843,0
8eaf8121,1
47ff9b3c,1
1a8d200c,0
05421ade,0
2d2cac65,1
dd875070,1
44a33890,1
f55d4579,0
b9784779,0
1432526e,0
a9088a4a,1
7fc55d4a,1
4083560a,0
2cd6de29,1
f41b31b0,1
4b6e6c09,1
ba44a054,0
2956ea87,1
e34c121a,1
e92ea72b,1
d4a4a9b1,0
83eab936,0
34057977,0
248c18a4,0
9f1c726a,1
ffcddb92,1
8a9d99ab,1
d6427379,1
d90a8c20,0
c5738215,0
e73121bc,1
c6cad31b,1
161943de,0
307eee98,0
bbd35315,0
662790d9,1
3ed99a51,0
d525bc82,1
a90f6e19,1
90e839fc,1
1d8981eb,1
83ef5a35,1
be3bc829,1
6963b7c4,1
b6321153,1
f4da30d2,0
80011ddd,0
e7e7a02f,1
80a8195b,0
ca492a9e,1
fbd562d5,1
6b68cc51,1
2e2c67ea,0
7f13cbfd,1
1b9eaa02,0
36a9613d,0
5336f3fe,0
844aaafa,1
9d9f4b9a,1
c9bc16e4,0
3505562c,0
03b64045,0
73a0734f,1
30139091,0
8dc01483,1
cb685ca3,0
47a99571,0
26ecc778,1
3f8066a0,1
7f0a3f4f,0
46cf06db,1
217b38d1,1
e0f2458e,0
ce34ddbc,0
3476d82a,1
e84fd9ec,0
9ba0086e,0
31f38e95,0
520b53ee,1
fd6f723a,1
262358f3,1
3372346f,0
db6f372e,0
08b718f8,1
d32204d6,1
ba225d85,1
57987b24,1
baf358ac,1
505da912,1
63ce5ac5,1
f27f0cc7,1
37ea2b7f,1
6d58e7a6,0
ca664f93,1
40f29dae,1
ad1ccadc,1
1ee509e0,1
08980e0d,0
b66eb03a,0
7db4b5ea,1
a3f718d3,0
d9bc75c9,0
00955cec,1
771c1ce5,0
cbb8ee1e,1
420b678e,0
01fb70c0,0
b3cd1c70,0
7502ae21,0
fafd94eb,1
b10e289a,1
2af8788a,1
36740b39,1
bd549036,1
ac487f4e,0
34519c75,0
62369cbf,0
f38af44f,0
36d39f62,0
766ae259,1
77daffc0,1
d7d66476,1
97791844,0
7256a44e,1
9205efdb,1
8b86f448,0
980dd81f,1
3556cd6e,1
0a57ef21,1
0181bd23,0
14a8b279,1
41d12a09,0
1d4cf335,1
9978f962,1
88edee22,1
f9718d5c,1
3654b859,1
0c7b4087,1
bfef1757,1
900f87de,0
75c58b2f,0
15c9afb7,0
f88da93c,0
ee6b0604,1
8149dc42,1
bd6f4547,1
383a7cad,0
950d61e3,1
c11efe80,1
09861c3c,1
7befba9d,1
d6531d38,1
81d0394f,1
8e0f7afc,1
2c456bef,1
8f674d9d,0
b9683ad4,0
aec07e38,1
9562f2bb,1
51c0dcbf,1
240f218b,1
32324a40,0
e48ced76,1
22d7bc2c,1
ffaf9325,0
916a3411,0
91782567,0
41fb4d49,1
bba57ef1,0
66a3e308,1
ae188c79,1
d76cfeb4,1
fedf4a35,0
7212e624,1
5aa494ae,0
3f0afa3a,0
14e54272,1
6a975a4a,1
0cea5ec1,0
afabc977,1
8b9a636a,1
0dcfab7f,1
bf25ca10,1
d1818b7c,0
788389b4,1
74c74056,1
5aceac1e,1
f0569bfc,0
6d4e8226,1
4dcab7a2,1
56ae4f1f,1
ea8967f8,1
35473c94,1
6c3e74b5,0
910e39d1,1
e2c591de,0
ac4a81c8,1
a4a32af4,0
c60d6b45,1
ee84e265,1
e8033825,0
072d70a4,1
813f56bf,0
ca39f1c8,0
39eaffc8,1
8e7e4265,1
4bc97c2b,1
c8caede4,1
067aaa2c,0
eb279dc3,0
483dbf99,1
0b2bcb76,1
45aa75a3,1
6e78ac72,1
9d77c6d5,1
cc3ede68,1
17b61331,0
ddd61722,1
56fa9b3a,1
2201606b,1
3ca7e8af,0
49b425e1,1
b84eab9a,0
6b189724,1
20b53b3a,1
1cc71699,1
e00749c9,0
be0d9acc,1
6058f63f,0
edcd113c,0
15e419f5,0
8c9e8f57,0
9e503058,1
845bca97,1
d920db3e,1
0e475a50,1
3b777f41,0
0d8d0ca6,1
8e772a6a,1
57992142,0
2a881fca,1
993533fb,1
8af9fba5,0
ee8760bd,0
fb9af2f0,0
eb49c5f2,1
3157a1a3,0
a7d352ea,1
34708e88,0
fe542a4f,1
485e9bbc,1
a9311647,1
15e43c7c,0
7515f5f8,1
5da85d8c,0
8c206f2c,0
16418fe9,0
e32e7a93,1
d3a5fc5a,0
6f7e4ecf,1
423819c0,1
702ec023,0
d80b57c1,1
cf352c1a,1
2e28cb8b,0
f2764511,1
f33c5438,0
1ab75063,1
51c0a0d2,0
ad37820b,1
9b21f1d0,1
cb6c53bf,1
a4c7c0a4,1
a3f78d4f,0
fdf92ff1,1
12994695,1
b216c8a5,1
7aba3f49,1
d87e4068,1
6cda5696,1
d5543dc4,0
d9c11176,0
3dc03c3f,0
0a569dbe,0
b0d6c5e9,1
468eada9,0
4ff43ba9,1
5973ac4f,1
320981a9,0
35aba014,1
eb306bd5,1
bd7e6ea1,1
6a6f3484,0
e44f09c0,1
5b07b959,0
7f3360fd,1
681b8dce,0
1d3bac80,1
9184767a,0
54cbaf15,0
ee2edb76,1
8a34d0b4,0
70b52740,1
8b15a52e,1
6c648c20,1
98a3cf83,0
bb7f2213,1
72c5e8ea,0
2aaf6890,0
2a3b898e,0
5e1f9a9d,0
e72564e5,1
e8aee38c,1
8f9ea036,1
5a9d352e,1
b65aee64,0
9da54eaa,0
01ce241c,0
0c22be55,0
4dec59ea,0
a5f7b928,1
21dceaa2,1
eb04dad9,1
d2116929,0
34c72503,1
a5832b36,0
c22fdfc9,1
e9632fa4,1
30fc240f,1
5247131c,0
babca4f6,0
99e2bd18,0
c9174c2f,1
4f81747b,1
b2e332d7,1
c626241e,1
64757256,1
06bbcaf7,0
eba97190,1
9476c347,1
035c79d2,1
d3c7c5e2,0
83423b81,1
b8130bd1,1
b30cff1e,1
f883065d,1
a8eedfc9,0
2a6bb6d2,0
ee85895d,0
bc14770c,1
347ec6dc,1
e71a97c4,1
95e17b14,1
a0e73133,1
de15de0c,0
2ed01491,1
413352fe,1
a40a973c,1
8e72bb9c,0
258ee117,1
853c4996,1
3f5b053c,1
aa80c341,0
b7d99d68,1
5fdb34c8,0
5c5c308f,0
84da56d1,1
599ef483,1
ecebb6e5,0
1a09b874,0
a2ff5cee,0
77dac6a2,0
38f8ef56,1
af866bde,0
4307eea4,1
47c4b5df,0
50b73e51,1
94115619,0
f5585506,1
6d1b09a6,0
26bef896,0
3fd26d2e,1
f30ae7fc,0
c7078e24,1
6a27f1a5,1
ac2e55c1,1
569057d7,0
249bfb66,1
b5b47e7f,1
859b90e8,0
cb616dcb,1
a1d82e68,1
b6af8cb5,1
9f3ac8b6,0
8e7ed177,0
3a171c3f,0
c569a5b5,1
0b3df90e,0
b44c59d3,0
80b1c089,1
f9040388,1
adf56e8f,0
17c297fd,0
7e62b92e,1
d31062c7,1
21ebe328,1
9d258f24,0
d6f80cf1,1
70be36f7,0
a1be1f8e,1
16950750,1
b78926f6,0
0420f31c,1
9a054257,1
6cba1851,0
0f4310de,1
4424e5c5,1
8b1a480a,0
85b5178b,1
0cea29c6,1
85bebe7e,1
aab0a9e3,0
e31a1ee0,1
bd4ae8e9,1
b8960985,1
a8a93769,1
ed22ac7b,0
0d6c727d,1
cd372b94,1
ba228d5a,1
a64a29c5,0
b0b3579a,1
f30f4bc5,1
d19fac7c,1
fbf17cb8,0
88ed8bf2,1
ff3b5182,1
9e201c07,1
627bf7d7,1
8a00ac70,1
d6f75bbb,1
3209bbcb,0
c0e4d2d8,0
74479497,1
633e3a0c,1
bbd1ab23,0
f3f73954,1
3deb85e1,1
cff0e251,1
0bf204b8,1
d5c6ef2c,0
2014ed67,1
7a3a993e,1
495917ee,1
05836dd3,0
69cb6e2e,0
51e43b34,1
e542077d,0
52832607,1
119f4f73,1
f41b3047,1
24d6a07e,1
6384b6d7,0
9fab8896,1
cb09b479,1
24a59091,0
b0f09ab1,0
69a57fb8,0
7681673b,1
4a4ce277,1
4da804ac,1
2a281278,1
66b43da3,1
06b0c592,0
ef3e720f,0
4068d4f6,1
c85273f8,0
7ade2a31,1
4d407934,1
cd6fb38e,1
bf57ad35,1
79042600,0
e2fcd70f,0
cdc6009c,0
a545c281,0
17b84ff4,0
b84d92f0,1
904988eb,0
7389950e,0
4e3f4565,1
0e686076,1
77309428,1
91b26fa6,0
9b181db1,0
8aac817b,1
bd91adb5,1
03e6573e,1
b4fca22d,1
e7d42e93,1
2a44f5fe,1
551e6807,1
e700b2e2,1
cd6412f6,1
7c146316,0
bc805392,1
ed64dc71,0
846eb21e,0
2c0fdaf2,0
6258eb47,1
f8453d9a,1
9e14bb7b,1
ac0eff6c,1
7b00e74e,0
21fe224f,1
64d845bd,1
6aa132c4,1
29c66c88,0
6c4ef208,0
9c17c702,1
49d6c9be,0
4687c7bb,0
611fff41,1
da08fbcc,1
0934055a,1
99d6b4b3,1
f7f239d8,0
e0c9a0d0,1
da7f1ae1,0
02892050,1
bcfb142b,0
6838c457,0
f3753529,0
b56055b0,0
24860b54,1
45992618,1
11db3fbf,1
e3ae671f,1
8ffb617e,1
10019877,0
f955cb15,1
03319c06,0
678e07cb,1
cc2d6f44,1
9b237830,0
d19b0865,1
432874c1,0
56e94832,0
11562d9a,1
4323be8d,0
e0f12ea3,1
c37b2415,0
3160e6a6,0
d1109fb3,1
e1ac1380,0
bd3f03d6,0
799cc02b,0
ebbd337a,1
fef71174,1
28b5c757,1
96fc75f0,1
75f0274a,1
4f477019,1
eb40add7,0
105598f5,0
fab2344a,1
b02341ae,1
2f8fc850,0
1f799d08,0
120dde5e,0
0857b500,0
7f3078d2,1
54b471ed,0
2fb8f1ce,1
857bbc96,1
a3a7e2bc,1
b229c3a4,1
7d52d713,0
44ab12fc,1
07226f6e,1
fe150681,1
c643593b,1
8db8d4cf,1
29f8e377,0
280d564f,0
b1246945,1
61f69657,0
dfe51633,1
a77006f9,0
299701f5,0
d3746818,1
8bc415a2,0
9af87cfe,0
8c764ec6,0
3f0ea6e4,0
211cf93f,1
e2cdfad5,1
f466f4a8,0
8f980130,0
ad5873a2,1
e0a49f6f,0
2bbf2ad4,1
dfe5dd9d,0
9b848898,1
e78c0c33,0
ac1aaaa0,1
8632edf6,1
3fda82b7,1
de18c529,0
93bbe170,1
df29d9e4,1
ea5b7f8c,1
a96100a7,0
45e29d4f,0
99915d18,1
d73eec96,1
f3955d0c,0
29684b52,1
8e17ea0d,1
9f0b9a2f,1
7b715858,1
e087ab46,1
71fb9cd0,0
f204cdcd,0
a2f3f311,0
b64ee43e,1
99f716db,1
c89c040a,1
94ef5ad4,1
4b858ee1,0
22e2a635,1
2e025b79,0
e90c867a,1
34882313,0
b424de84,1
10dec756,0
27a755dc,1
5eaeecc4,1
d00c0b0d,1
563df120,0
7ed9775c,1
a9bd7434,1
5ec6d406,0
b434879e,0
f5ebf28d,1
6c3c21bc,1
f31da0a1,1
bb86e469,0
cdbb3317,0
a4ef4509,0
f720a72a,1
b87fb94a,1
0b6b233e,1
4780af9d,1
d2e77c97,0
6ee095f3,1
83797d81,0
52032af1,1
78765bef,0
f0f9010a,1
72c2e7cc,1
35051b2d,1
9293234e,1
f39b349f,0
a46c1d98,1
95f4aa3f,1
a7fd551e,1
74d5762a,1
dd0e5e57,0
844e034a,0
33ae9024,1
669faf54,0
d64e230a,1
dc3a1460,0
afae1298,1
dc7bb362,1
a15542f3,1
9f12c319,1
6b4287c6,1
1cb5df2d,0
8e6673cd,0
79dbd26d,1
205c0953,0
f18d3b58,1
8dc6fdaa,0
918181e8,1
98ffae4c,1
e213a7b0,0
a7870371,1
5ba0ce0a,1
70e251df,1
f4c2a809,0
b11eba0e,0
3d2b5837,1
18709091,0
232adf11,1
391721aa,0
4dd2af36,1
de9d0bff,0
99acd7cf,0
b84f1b40,1
c12423ad,0
76aba7e1,1
6db91190,0
8617bd74,1
68930884,1
902fa096,1
72a535d6,0
f5baafb7,1
24a4c198,0
0b2918c3,1
26a75ad9,1
8689eeae,0
3cf76fb4,0
dd09c785,0
02ff1f18,0
acb8040b,1
904d18ba,1
79df85cb,1
df6a5355,0
f082464c,1
1e948a0a,1
367a9a5b,0
8879e50d,1
d468bfe3,0
2d3ef7d6,0
21256e14,1
730337bd,0
3e8bdad5,0
b3f44e49,1
d9e1007e,0
0ad776f3,1
b333cff9,0
7e1550a4,1
2425a337,1
4e91feab,0
010ef9f0,1
e4b26d3d,1
8acf5ef7,1
a7bfd931,1
8ae30ce6,0
de27ed88,0
66d5196f,1
d85f1858,1
16dcb33a,1
eca3158e,0
08daeee6,0
e9c513ee,0
b1519fa6,1
dfc89540,1
8fd8c0e9,1
45df6347,0
bf7928d7,1
7b587c05,0
c2834388,1
146143c3,1
d59aee00,0
cbc0b93b,1
088e2ff7,1
673d33cd,1
674b031e,0
43db4207,1
156855e1,0
ac96cfb0,1
fe45aef5,1
16ee9b50,0
5a599eb7,1
df30d6dd,0
18af95b1,1
27d788c8,1
